8.474118291169624229e+00,5.162615446539140646e-02,4.280553638165611741e-01,-3.317382211515093604e-02,3.627859878593000076e+02
8.503786687565751734e+00,5.077847127458422899e-02,4.407775857497880367e-01,-2.791464917571185797e-02,3.637664905291899800e+02
8.532854571581122372e+00,4.995374543936501044e-02,4.376066948874635654e-01,-1.333344867314747127e-02,3.647469931990800092e+02
8.561339929442564056e+00,4.915109876616024359e-02,4.229435467533104731e-01,-7.180579440350626924e-03,3.657274958689699815e+02
8.589260033876373157e+00,4.836969586183564873e-02,4.078965803625183018e-01,-1.099425040448887524e-02,3.667079985388600107e+02
8.616631479200364652e+00,4.760874162906329754e-02,3.967425096264004525e-01,-2.192166134951266040e-02,3.676885012087499831e+02
8.643470214363803805e+00,4.686747893160899542e-02,3.941765055110568183e-01,-3.868936490387532567e-02,3.686690038786400123e+02
8.669791574073906659e+00,4.614518641647857855e-02,4.067344100297022313e-01,-4.980580823899195125e-02,3.696495065485299847e+02
8.695610308136961564e+00,4.544117648097992235e-02,4.167939484769451752e-01,-4.395988581851845850e-02,3.706300092184200139e+02
8.720940609132419752e+00,4.475479337377200745e-02,4.167740840305085293e-01,-3.719282275743027166e-02,3.716105118883099863e+02
8.745796138529449593e+00,4.408541141989030798e-02,4.143966565762268739e-01,-3.246328122829710006e-02,3.725910145582000155e+02
8.770190051347277915e+00,4.343243336057250187e-02,4.096296568150174511e-01,-2.593718336028369778e-02,3.735715172280899878e+02
8.794135019453214852e+00,4.279528879946498804e-02,3.922645569377684605e-01,-1.927450260318995523e-02,3.745520198979800170e+02
8.817643253585313090e+00,4.217343274748094201e-02,3.700166403148598682e-01,-4.555701545084674120e-02,3.755325225678699894e+02
8.840726524180501755e+00,4.156634425920423259e-02,3.898990830560695175e-01,-6.829114367620724158e-02,3.765130252377600186e+02
8.863396181082993763e+00,4.097352515430781328e-02,4.070559533678959618e-01,-6.602997396642598660e-02,3.774935279076499910e+02
8.885663172202701077e+00,4.039449881797190639e-02,4.146209206007372416e-01,-5.769949508669529326e-02,3.784740305775400202e+02
8.907538061188290612e+00,3.982880907476443050e-02,4.147925311915478530e-01,-4.939774869323051293e-02,3.794545332474299926e+02
8.929031044175095744e+00,3.927601913087767210e-02,4.105300236676876491e-01,-4.493705203325178144e-02,3.804350359173200218e+02
8.950151965663913245e+00,3.873571058001219064e-02,4.063590516636295114e-01,-4.506386967866737175e-02,3.814155385872099941e+02
8.970910333582882146e+00,3.820748246856001812e-02,4.053000723563741081e-01,-4.695132257911500268e-02,3.823960412571000234e+02
8.991315333581011870e+00,3.769095041607244817e-02,4.066336677274104972e-01,-4.646046986640423038e-02,3.833765439269899957e+02
9.011375842598813080e+00,3.718574578729842706e-02,4.045521972948148970e-01,-4.269409129696621202e-02,3.843570465968800249e+02
9.031100441758241004e+00,3.669151491236120194e-02,3.982994269477511118e-01,-4.490780416619635090e-02,3.853375492667699973e+02
9.050497428611549822e+00,3.620791835189296481e-02,3.992730939387151845e-01,-5.139541847306610539e-02,3.863180519366600265e+02
9.069574828785892606e+00,3.573463020418470720e-02,4.054168523675520386e-01,-5.267533061365398117e-02,3.872985546065499989e+02
9.088340407058227655e+00,3.527133745162045614e-02,4.104737792665605345e-01,-4.758756017727917842e-02,3.882790572764400281e+02
9.106801677892764957e+00,3.481773934386663688e-02,4.100991966904227737e-01,-3.878739463792376524e-02,3.892595599463300005e+02
9.124965915471166866e+00,3.437354681546603979e-02,4.028190047640941018e-01,-3.148845859281875631e-02,3.902400626162199728e+02
9.142840163243741713e+00,3.393848193565640603e-02,3.920338123936542019e-01,-3.044083471128521817e-02,3.912205652861100020e+02
9.160431243028170911e+00,3.351227738838612885e-02,3.833468595406533952e-01,-3.550345612117421917e-02,3.922010679559999744e+02
9.177745763680535518e+00,3.309467598064266824e-02,3.791857190784094223e-01,-4.270218265201235902e-02,3.931815706258900036e+02
9.194790129361965825e+00,3.268543017734142075e-02,3.779496862796816736e-01,-4.913868465343274733e-02,3.941620732957799760e+02
9.211570547422736510e+00,3.228430166114248934e-02,3.778072408168377527e-01,-5.546681012867567956e-02,3.951425759656700052e+02
9.228093035924313625e+00,3.189106091567635304e-02,3.807154298449735297e-01,-6.317374055568958369e-02,3.961230786355599776e+02
9.244363430818600236e+00,3.150548683076193068e-02,3.912684606666712583e-01,-6.753292130440774477e-02,3.971035813054500068e+02
9.260387392802517326e+00,3.112736632829684810e-02,3.998688816231533161e-01,-5.587460753964836740e-02,3.980840839753399791e+02
9.276170413864891273e+00,3.075649400758803317e-02,3.876373015584232418e-01,-4.756795953225730761e-02,3.990645866452300083e+02
9.291717823541633337e+00,3.039267180897321438e-02,3.783296559118974889e-01,-5.622927069333630290e-02,4.000450893151199807e+02
9.307034794894361696e+00,3.003570869465915782e-02,3.796509297986584985e-01,-6.710950371407001236e-02,4.010255919850100099e+02
9.322126350226499270e+00,2.968542034577404537e-02,3.874716364529821044e-01,-7.359313641244127902e-02,4.020060946548999823e+02
9.336997366550335187e+00,2.934162887469558487e-02,3.973875519223683539e-01,-7.295710632966852238e-02,4.029865973247900115e+02
9.351652580817532368e+00,2.900416255177814748e-02,4.033836168995207361e-01,-6.488386774816845559e-02,4.039670999946799839e+02
9.366096594924997021e+00,2.867285554565773484e-02,3.993828790309688070e-01,-5.504693213895218984e-02,4.049476026645700131e+02
9.380333880507256694e+00,2.834754767636672029e-02,3.875189059513804990e-01,-5.414678329695731679e-02,4.059281053344599854e+02
9.394368783525933964e+00,2.802808418053798559e-02,3.798806794275472742e-01,-6.536496399965686932e-02,4.069086080043500147e+02
9.408205528666243822e+00,2.771431548802448519e-02,3.846032775533500536e-01,-7.947841287291224077e-02,4.078891106742399870e+02
9.421848223549934787e+00,2.740609700930119602e-02,3.986110824497653415e-01,-8.604751843810039269e-02,4.088696133441300162e+02
9.435300862773576824e+00,2.710328893305683634e-02,4.132202745820236500e-01,-8.146308054106846108e-02,4.098501160140199886e+02
9.448567331780541423e+00,2.680575603341799062e-02,4.207057717881929060e-01,-6.923931400900941446e-02,4.108306186839100178e+02
9.461651410574672738e+00,2.651336748628359968e-02,4.186947885846743489e-01,-5.706044928234028230e-02,4.118111213537999902e+02
9.474556777283117626e+00,2.622599669427828212e-02,4.116366903769091423e-01,-5.080712529563446295e-02,4.127916240236900194e+02
9.487287011575421758e+00,2.594352111986381049e-02,4.052347846805939291e-01,-4.980056990248880877e-02,4.137721266935799918e+02
9.499845597945643760e+00,2.566582212617456171e-02,4.008028740926970479e-01,-5.087559948369999724e-02,4.147526293634700210e+02
9.512235928863814749e+00,2.539278482516932334e-02,3.974859710642846267e-01,-5.296255667158206865e-02,4.157331320333599933e+02
9.524461307802809529e+00,2.512429793271569664e-02,3.953122580936888619e-01,-5.656928639375788381e-02,4.167136347032500225e+02
9.536524952146308465e+00,2.486025363024603474e-02,3.965906993283365156e-01,-6.185933745778121606e-02,4.176941373731399949e+02
9.548429995983310548e+00,2.460054743264441027e-02,4.048203129090540697e-01,-6.192895936114542477e-02,4.186746400430300241e+02
9.560179492794283362e+00,2.434507806204469146e-02,4.026248865461081738e-01,-5.114271382842673630e-02,4.196551427129199965e+02
9.571776418033875800e+00,2.409374732723741988e-02,3.922114482242609612e-01,-5.241800023314501650e-02,4.206356453828100257e+02
9.583223671614760519e+00,2.384646000840111649e-02,3.872559962362657759e-01,-6.042356189542811423e-02,4.216161480526999981e+02
9.594524080297052393e+00,2.360312374688919648e-02,3.879686635042105536e-01,-7.027065667758279621e-02,4.225966507225900273e+02
9.605680399987422291e+00,2.336364893981961177e-02,3.953590897853748731e-01,-7.893590950227727387e-02,4.235771533924799996e+02
9.616695317951894140e+00,2.312794863922772864e-02,4.076681064491902706e-01,-7.994119133173717417e-02,4.245576560623699720e+02
9.627571454946076912e+00,2.289593845555699947e-02,4.144698598110010956e-01,-7.234400356631139062e-02,4.255381587322600012e+02
9.638311367266402030e+00,2.266753646527416496e-02,4.132133015665477860e-01,-6.684441201618319950e-02,4.265186614021499736e+02
9.648917548725775006e+00,2.244266312240720054e-02,4.111369474443816174e-01,-6.672708614250298653e-02,4.274991640720400028e+02
9.659392432556856534e+00,2.222124117381615513e-02,4.118951482958700394e-01,-6.908433450360482175e-02,4.284796667419299752e+02
9.669738393246095853e+00,2.200319557801616241e-02,4.159296678548962678e-01,-7.064849263753512909e-02,4.294601694118200044e+02
9.679957748301360354e+00,2.178845342738282981e-02,4.208696200175005564e-01,-6.883347969758731033e-02,4.304406720817099767e+02
9.690052759956046202e+00,2.157694387357845384e-02,4.232671124418856956e-01,-6.521796745584607091e-02,4.314211747516000059e+02
9.700025636812233287e+00,2.136859805604682597e-02,4.240994663857597935e-01,-6.287265125606207594e-02,4.324016774214899783e+02
9.709878535425485069e+00,2.116334903343182125e-02,4.256161298492618927e-01,-6.150079949503288457e-02,4.333821800913800075e+02
9.719613561833652327e+00,2.096113171778333714e-02,4.283989817066897743e-01,-5.939417938036211514e-02,4.343626827612699799e+02
9.729232773032011394e+00,2.076188281142056502e-02,4.311347588798193908e-01,-5.469026934338371004e-02,4.353431854311600091e+02
9.738738178396882716e+00,2.056554074633010210e-02,4.303568789459621402e-01,-4.815718668411859277e-02,4.363236881010499815e+02
9.748131741059868460e+00,2.037204562598201804e-02,4.263231597240299542e-01,-4.412902105389070878e-02,4.373041907709400107e+02
9.757415379234664954e+00,2.018133916945377693e-02,4.224727935233630327e-01,-4.276763561955595344e-02,4.382846934408299830e+02
9.766590967498357756e+00,1.999336465775681387e-02,4.191742550022615199e-01,-4.237358712396026295e-02,4.392651961107200123e+02
9.775660338029018348e+00,1.980806688226665127e-02,4.156722997053322599e-01,-4.298730337889979103e-02,4.402456987806099846e+02
9.784625281801329066e+00,1.962539209516180397e-02,4.126030235582904271e-01,-4.599101292567566585e-02,4.412262014505000138e+02
9.793487549741881182e+00,1.944528796178212129e-02,4.133778387403562182e-01,-5.066072803734700258e-02,4.422067041203899862e+02
9.802248853845755505e+00,1.926770351482098853e-02,4.175086386015911533e-01,-5.141587686459054424e-02,4.431872067902800154e+02
9.810910868255843909e+00,1.909258911027094177e-02,4.189329621940364734e-01,-4.820656818371115565e-02,4.441677094601699878e+02
9.819475230306411007e+00,1.891989638504531362e-02,4.161204760364679567e-01,-4.583641124887034152e-02,4.451482121300600170e+02
9.827943541532224714e+00,1.874957821620313464e-02,4.121196208553311591e-01,-4.784477690685678963e-02,4.461287147999499894e+02
9.836317368644605708e+00,1.858158868170746783e-02,4.120156601055677825e-01,-5.284741420906039627e-02,4.471092174698400186e+02
9.844598244475644577e+00,1.841588302265130886e-02,4.159914193320096709e-01,-5.551949164099772432e-02,4.480897201397299909e+02
9.852787668891792805e+00,1.825241760688778303e-02,4.201104953697428201e-01,-5.405886919382989902e-02,4.490702228096200201e+02
9.860887109677985762e+00,1.809114989400507911e-02,4.212947358350580540e-01,-4.972091490992006785e-02,4.500507254795099925e+02
9.868898003393388407e+00,1.793203840158865206e-02,4.172741039120868578e-01,-4.573311858743405595e-02,4.510312281494000217e+02
9.876821756199845481e+00,1.777504267271689739e-02,4.101330473442948987e-01,-4.811051487790887066e-02,4.520117308192899941e+02
9.884659744664039849e+00,1.762012324463802307e-02,4.082615437049236240e-01,-5.644707993425589210e-02,4.529922334891800233e+02
9.892413316534291567e+00,1.746724161857924132e-02,4.130054045782599048e-01,-6.329920481021383827e-02,4.539727361590699957e+02
9.900083791493008434e+00,1.731636023064097446e-02,4.208377213729402877e-01,-6.595864281422662845e-02,4.549532388289600249e+02
9.907672461885594473e+00,1.716744242373156870e-02,4.298925685374466177e-01,-6.326022737314015987e-02,4.559337414988499972e+02
9.915180593426709876e+00,1.702045242049948434e-02,4.351896676670264918e-01,-5.252698144242052419e-02,4.569142441687400265e+02
9.922609425884708401e+00,1.687535529722254679e-02,4.270271623967356045e-01,-4.231862413229139225e-02,4.578947468386299988e+02
9.929960173745024932e+00,1.673211695861509529e-02,4.175723582572575254e-01,-4.550973565587808356e-02,4.588752495085200280e+02
9.937234026853241531e+00,1.659070411351615260e-02,4.165525307380821274e-01,-5.160334221449936615e-02,4.598557521784100004e+02
9.944432151038613554e+00,1.645108425142308151e-02,4.197275484766984643e-01,-5.415658933279338116e-02,4.608362548482999728e+02
9.951555688718677573e+00,1.631322561983693589e-02,4.227319534456939198e-01,-5.236126401675312431e-02,4.618167575181900020e+02
9.958605759485662290e+00,1.617709720238733398e-02,4.222174427316496836e-01,-4.845690221767137013e-02,4.627972601880799743e+02
9.965583460675324190e+00,1.604266869770580931e-02,4.184298301350808935e-01,-4.623669858895806256e-02,4.637777628579700036e+02
9.972489867918785222e+00,1.590991049901839885e-02,4.140402950281750205e-01,-4.683574697011004540e-02,4.647582655278599759e+02
9.979326035678029783e+00,1.577879367442910907e-02,4.105792531787504918e-01,-4.935350793357950322e-02,4.657387681977500051e+02
9.986092997765560142e+00,1.564928994786752084e-02,4.085560087021193332e-01,-5.284192052309653886e-02,4.667192708676399775e+02
9.992791767848789419e+00,1.552137168067459563e-02,4.079737150888910202e-01,-5.625761342890766431e-02,4.676997735375300067e+02
9.999423339939694344e+00,1.539501185380230501e-02,4.079303549989098387e-01,-5.900687101472671531e-02,4.686802762074199791e+02
1.000598868887020387e+01,1.527018405060332103e-02,4.077076686470763045e-01,-6.170531334377735155e-02,4.696607788773100083e+02
1.001248877075383348e+01,1.514686244018838626e-02,4.077054501219439242e-01,-6.526068625439256088e-02,4.706412815471999807e+02
1.001892452343401807e+01,1.502502176132969151e-02,4.095040154890619566e-01,-6.979259130400029820e-02,4.716217842170900099e+02
1.002529686691958410e+01,1.490463730688978278e-02,4.144410786111755174e-01,-7.263540076015866098e-02,4.726022868869799822e+02
1.003160670380778896e+01,1.478568490875603429e-02,4.188283383467114040e-01,-7.121152315611482819e-02,4.735827895568700114e+02
1.003785491969536103e+01,1.466814092326199255e-02,4.199300867681597937e-01,-6.912049435343294024e-02,4.745632922267599838e+02
1.004404238357790469e+01,1.455198221707721534e-02,4.199296852697485538e-01,-6.857398983709732387e-02,4.755437948966500130e+02
1.005016994823808218e+01,1.443718615354853615e-02,4.205776496727666736e-01,-6.887671388289856589e-02,4.765242975665399854e+02
1.005623845062291721e+01,1.432373057947585251e-02,4.221202835603308223e-01,-6.855169470499455908e-02,4.775048002364300146e+02
1.006224871221058770e+01,1.421159381230666270e-02,4.232091001641302142e-01,-6.672746594904484241e-02,4.784853029063199870e+02
1.006820153936704365e+01,1.410075462773398118e-02,4.225674095600900904e-01,-6.453400744384613086e-02,4.794658055762100162e+02
1.007409772369278755e+01,1.399119224768306455e-02,4.208637735021241166e-01,-6.327892197515586070e-02,4.804463082460999885e+02
1.007993804236011925e+01,1.388288632867272325e-02,4.191120476988292598e-01,-6.271084880054032806e-02,4.814268109159900177e+02
1.008572325844113315e+01,1.377581695053801090e-02,4.171170043895687241e-01,-6.193904735517136162e-02,4.824073135858799901e+02
1.009145412122683716e+01,1.366996460550100496e-02,4.133655732783087511e-01,-6.115437947497111976e-02,4.833878162557700193e+02
1.009713136653757637e+01,1.356531018757765016e-02,4.073967639487289238e-01,-6.316472944708682868e-02,4.843683189256599917e+02
1.010275571702509723e+01,1.346183498230840887e-02,4.029357384788329610e-01,-6.981241114774440482e-02,4.853488215955500209e+02
1.010832788246650082e+01,1.335952065680153303e-02,4.031057515746629960e-01,-7.805833329425466982e-02,4.863293242654399933e+02
1.011384856005033939e+01,1.325834925007780656e-02,4.070240189598497427e-01,-8.460460600880789772e-02,4.873098269353300225e+02
1.011931843465508862e+01,1.315830316370634849e-02,4.126931563143492188e-01,-8.829080856494726792e-02,4.882903296052199948e+02
1.012473817912024820e+01,1.305936515272125044e-02,4.184228616749927632e-01,-8.908962801834714729e-02,4.892708322751100241e+02
1.013010845451029240e+01,1.296151831680934785e-02,4.227441977328896261e-01,-8.767991848853103065e-02,4.902513349449999964e+02
1.013542991037168051e+01,1.286474609175980964e-02,4.248508904117057616e-01,-8.573392437185284320e-02,4.912318376148900256e+02
1.014070318498315615e+01,1.276903224116653426e-02,4.257606749844999872e-01,-8.501272663121348105e-02,4.922123402847799980e+02
1.014592890559952565e+01,1.267436084837465955e-02,4.274442320575216336e-01,-8.535390949645312031e-02,4.931928429546700272e+02
1.015110768868912139e+01,1.258071630866302963e-02,4.306060945589885725e-01,-8.504042558493646320e-02,4.941733456245599996e+02
1.015624014016513499e+01,1.248808332165444492e-02,4.341692698121613070e-01,-8.241031676719001720e-02,4.951538482944499719e+02
1.016132685561101212e+01,1.239644688394619595e-02,4.356990649420874329e-01,-7.734735009079060641e-02,4.961343509643400012e+02
1.016636842050006706e+01,1.230579228195335766e-02,4.335805635421725035e-01,-7.219138178586080590e-02,4.971148536342299735e+02
1.017136541040952835e+01,1.221610508495782864e-02,4.288398097311588719e-01,-6.944721827996343244e-02,4.980953563041200027e+02
1.017631839122912574e+01,1.212737113835621675e-02,4.234054933772432028e-01,-6.991774476420321849e-02,4.990758589740099751e+02
1.018122791936444038e+01,1.203957655710000303e-02,4.190122265464667484e-01,-7.363298115847009828e-02,5.000563616439000043e+02
1.018609454193510722e+01,1.195270771932172883e-02,4.179542747805983227e-01,-7.968028648915377599e-02,5.010368643137899767e+02
1.019091879696809677e+01,1.186675126014094007e-02,4.213309808500426690e-01,-8.432247806309642324e-02,5.020173669836800059e+02
1.019570121358612447e+01,1.178169406564419028e-02,4.251663716159689854e-01,-8.480444698392404501e-02,5.029978696535699783e+02
1.020044231219143960e+01,1.169752326703332734e-02,4.262654762624192850e-01,-8.435150774688139619e-02,5.039783723234600075e+02
1.020514260464501710e+01,1.161422623493670037e-02,4.266708799590683276e-01,-8.608054610092465142e-02,5.049588749933499798e+02
1.020980259444137594e+01,1.153179057387793659e-02,4.298331528112268596e-01,-8.925423031017508391e-02,5.059393776632400090e+02
1.021442277687909339e+01,1.145020411689736360e-02,4.368308156090089378e-01,-8.968342375688241608e-02,5.069198803331299814e+02
1.021900363922714838e+01,1.136945492032107388e-02,4.432070643116551301e-01,-8.377136270667397133e-02,5.079003830030200106e+02
1.022354566088723438e+01,1.128953125867302940e-02,4.429557990612267293e-01,-7.471867048614945495e-02,5.088808856729099830e+02
1.022804931355214109e+01,1.121042161972559542e-02,4.362339808140028308e-01,-6.949222502656936251e-02,5.098613883428000122e+02
1.023251506136029931e+01,1.113211469968426737e-02,4.286732812187991626e-01,-7.172372483216912786e-02,5.108418910126899846e+02
1.023694336104662206e+01,1.105459939850218787e-02,4.266787748955340742e-01,-7.918149588294036423e-02,5.118223936825800138e+02
1.024133466208975030e+01,1.097786481532059440e-02,4.321917004712359511e-01,-8.505545601479165552e-02,5.128028963524700430e+02
1.024568940685576202e+01,1.090190024403115895e-02,4.405843523512847915e-01,-8.419913791319977303e-02,5.137833990223599585e+02
1.025000803073850264e+01,1.082669516895640865e-02,4.457885861156079543e-01,-7.745780897633311457e-02,5.147639016922499877e+02
1.025429096229655990e+01,1.075223926064477510e-02,4.449614896059680968e-01,-6.924504500965739107e-02,5.157444043621400169e+02
1.025853862338705191e+01,1.067852237177649086e-02,4.390332001230459191e-01,-6.452003887934322501e-02,5.167249070320300461e+02
1.026275142929624984e+01,1.060553453317718275e-02,4.330441803844091164e-01,-6.629505530848224526e-02,5.177054097019199617e+02
1.026692978886717000e+01,1.053326594993563362e-02,4.329625377179409651e-01,-7.083426358221479868e-02,5.186859123718099909e+02
1.027107410462417469e+01,1.046170699762283100e-02,4.368066156451301807e-01,-7.129230167744132762e-02,5.196664150417000201e+02
1.027518477289470589e+01,1.039084821860902265e-02,4.389620237782425605e-01,-6.787927735950846642e-02,5.206469177115900493e+02
1.027926218392819280e+01,1.032068031847588503e-02,4.382393881314219919e-01,-6.397628607957936420e-02,5.216274203814799648e+02
1.028330672201224338e+01,1.025119416252101914e-02,4.358834054163206462e-01,-6.130816139712305657e-02,5.226079230513699940e+02
1.028731876558615177e+01,1.018238077235196319e-02,4.333283537905748273e-01,-6.017432435715650008e-02,5.235884257212600232e+02
1.029129868735183173e+01,1.011423132256705076e-02,4.318834444217335977e-01,-5.979760149428327287e-02,5.245689283911500524e+02
1.029524685438222242e+01,1.004673713752059563e-02,4.314967227362870861e-01,-5.790511462698186979e-02,5.255494310610399680e+02
1.029916362822724452e+01,9.979889688169837555e-03,4.287502468081911822e-01,-5.373966491233967552e-02,5.265299337309299972e+02
1.030304936501735291e+01,9.913680589001367879e-03,4.218120085866847724e-01,-5.119606892969359724e-02,5.275104364008200264e+02
1.030690441556478554e+01,9.848101595034580366e-03,4.132150003941308380e-01,-5.342971795263415369e-02,5.284909390707100556e+02
1.031072912546251530e+01,9.783144598900004804e-03,4.066742869402489302e-01,-6.107356175701257606e-02,5.294714417405999711e+02
1.031452383518102955e+01,9.718801627990249214e-03,4.064099998509582146e-01,-7.203916099486204483e-02,5.304519444104900003e+02
1.031828888016292467e+01,9.655064841681623364e-03,4.142140471814154679e-01,-8.010408666527392418e-02,5.314324470803800295e+02
1.032202459091543467e+01,9.591926528624210996e-03,4.248674419456510698e-01,-7.909677560075539793e-02,5.324129497502699451e+02
1.032573129310090287e+01,9.529379104098525954e-03,4.297104412072714763e-01,-7.041392817648002567e-02,5.333934524201599743e+02
1.032940930762527287e+01,9.467415107436911656e-03,4.252448408800280077e-01,-6.193340306533496459e-02,5.343739550900500035e+02
1.033305895072464153e+01,9.406027199507716735e-03,4.156339920763495455e-01,-6.083934093593241360e-02,5.353544577599400327e+02
1.033668053404991838e+01,9.345208160260576324e-03,4.089534692899107204e-01,-6.798042661024479572e-02,5.363349604298299482e+02
1.034027436474965889e+01,9.284950886330951489e-03,4.103116743475038186e-01,-7.744113453031882532e-02,5.373154630997199774e+02
1.034384074555108768e+01,9.225248388702457503e-03,4.179707058217489446e-01,-8.222420726010251646e-02,5.382959657696100066e+02
1.034737997483938798e+01,9.166093790425159510e-03,4.259900915338659111e-01,-7.974573184977526430e-02,5.392764684395000359e+02
1.035089234673528580e+01,9.107480324388400952e-03,4.292404809658348364e-01,-7.268907304624240562e-02,5.402569711093899514e+02
1.035437815117095184e+01,9.049401331146570554e-03,4.267671987813422829e-01,-6.597005469520977883e-02,5.412374737792799806e+02
1.035783767396432076e+01,8.991850256796477328e-03,4.210820705152871768e-01,-6.259096901321048456e-02,5.422179764491700098e+02
1.036127119689180276e+01,8.934820650904709907e-03,4.147416576508562991e-01,-6.277964373938477172e-02,5.431984791190600390e+02
1.036467899775945511e+01,8.878306164483812726e-03,4.090957523411065111e-01,-6.616237472760927441e-02,5.441789817889499545e+02
1.036806135047267041e+01,8.822300548015781993e-03,4.058096968007964822e-01,-7.258123948632236311e-02,5.451594844588399837e+02
1.037141852510438156e+01,8.766797649521712241e-03,4.072134124444173331e-01,-8.012219310199492073e-02,5.461399871287300130e+02
1.037475078796184391e+01,8.711791412676269872e-03,4.132074914527372744e-01,-8.462680784139400836e-02,5.471204897986200422e+02
1.037805840165202476e+01,8.657275874965810608e-03,4.199199248930527428e-01,-8.348861591280397343e-02,5.481009924685099577e+02
1.038134162514562320e+01,8.603245165888931748e-03,4.228523926120693055e-01,-7.819805716887819058e-02,5.490814951383999869e+02
1.038460071383978089e+01,8.549693505198401045e-03,4.203389816938761236e-01,-7.323113515306270416e-02,5.500619978082900161e+02
1.038783591961946939e+01,8.496615201183263522e-03,4.150147670893717944e-01,-7.257002821443851726e-02,5.510425004781800453e+02
1.039104749091763935e+01,8.444004648990114867e-03,4.113897125625283757e-01,-7.621782369388739597e-02,5.520230031480699608e+02
1.039423567277412275e+01,8.391856328982462421e-03,4.117108056429338303e-01,-8.086884060483473524e-02,5.530035058179599901e+02
1.039740070689333251e+01,8.340164805137231796e-03,4.148590982204081734e-01,-8.318516867372727219e-02,5.539840084878500193e+02
1.040054283170078087e+01,8.288924723477364420e-03,4.177318756732563698e-01,-8.200425980397030301e-02,5.549645111577400485e+02
1.040366228239846613e+01,8.238130810539617821e-03,4.174935967494427524e-01,-7.913089880748620797e-02,5.559450138276299640e+02
1.040675929101911557e+01,8.187777871876586802e-03,4.140712039691721857e-01,-7.800405077947665522e-02,5.569255164975199932e+02
1.040983408647935882e+01,8.137860790592163149e-03,4.102495889726031630e-01,-8.052673278980986005e-02,5.579060191674100224e+02
1.041288689463180717e+01,8.088374525909432927e-03,4.090209550280595741e-01,-8.562709933280272800e-02,5.588865218373000516e+02
1.041591793831611135e+01,8.039314111770275856e-03,4.114242097025999634e-01,-9.047696294152084151e-02,5.598670245071899672e+02
1.041892743740898553e+01,7.990674655465782039e-03,4.160531971346760893e-01,-9.246327527086393994e-02,5.608475271770799964e+02
1.042191560887324719e+01,7.942451336296773093e-03,4.200103182114381939e-01,-9.096149913108200757e-02,5.618280298469700256e+02
1.042488266680586406e+01,7.894639404263570706e-03,4.210644673601365851e-01,-8.775630145944748883e-02,5.628085325168600548e+02
1.042782882248508614e+01,7.847234178784315284e-03,4.191864893979058704e-01,-8.541011382299847077e-02,5.637890351867499703e+02
1.043075428441661145e+01,7.800231047441113889e-03,4.159085926765319075e-01,-8.530520922047697685e-02,5.647695378566399995e+02
1.043365925837887431e+01,7.753625464753313191e-03,4.126101045125198929e-01,-8.743801096389842986e-02,5.657500405265300287e+02
1.043654394746742575e+01,7.707412950977190515e-03,4.099715066292952681e-01,-9.167027314866429966e-02,5.667305431964199443e+02
1.043940855213846142e+01,7.661589090931388187e-03,4.090969150671487364e-01,-9.827508327806604160e-02,5.677110458663099735e+02
1.044225327025150740e+01,7.616149532847556886e-03,4.122677435922996181e-01,-1.063840792312650552e-01,5.686915485362000027e+02
1.044507829711125702e+01,7.571089987245389202e-03,4.206505429339695290e-01,-1.123760794750279929e-01,5.696720512060900319e+02
1.044788382550862949e+01,7.526406225831638354e-03,4.314034296862002127e-01,-1.126642595514142642e-01,5.706525538759799474e+02
1.045067004576100977e+01,7.482094080422350968e-03,4.402151840287401030e-01,-1.074781418552566425e-01,5.716330565458699766e+02
1.045343714575173877e+01,7.438149441887921889e-03,4.448990967015058473e-01,-9.933304419507132943e-02,5.726135592157600058e+02
1.045618531096882897e+01,7.394568259120224210e-03,4.449813561856389987e-01,-9.059464049867252400e-02,5.735940618856500350e+02
1.045891472454296434e+01,7.351346538021421607e-03,4.406522508110766734e-01,-8.353905956965143598e-02,5.745745645555399506e+02
1.046162556728475579e+01,7.308480340513837624e-03,4.334843588324077124e-01,-8.053682800866755753e-02,5.755550672254299798e+02
1.046431801772130399e+01,7.265965783570457748e-03,4.265050438470351368e-01,-8.230798830151785095e-02,5.765355698953200090e+02
1.046699225213206397e+01,7.223799038265461478e-03,4.220057458416340834e-01,-8.766761907631581696e-02,5.775160725652100382e+02
1.046964844458404720e+01,7.181976328844396663e-03,4.215176151168082419e-01,-9.523194488277525460e-02,5.784965752350999537e+02
1.047228676696635219e+01,7.140493931813437535e-03,4.269115700728302043e-01,-1.023833877626085936e-01,5.794770779049899829e+02
1.047490738902404495e+01,7.099348175047377751e-03,4.375044878706318419e-01,-1.035976609495523476e-01,5.804575805748800121e+02
1.047751047839142835e+01,7.058535436915783397e-03,4.462192741574063648e-01,-9.541806066021736588e-02,5.814380832447700413e+02
1.048009620062467029e+01,7.018052145426971998e-03,4.457605298946705763e-01,-8.291215005973746888e-02,5.824185859146599569e+02
1.048266471923383847e+01,6.977894777389333572e-03,4.363277833973822628e-01,-7.444414465913731793e-02,5.833990885845499861e+02
1.048521619571434194e+01,6.938059857589635483e-03,4.237276214453590262e-01,-7.490195880018736541e-02,5.843795912544400153e+02
1.048775078957779883e+01,6.898543957987880032e-03,4.154148923423601758e-01,-8.337007572927761234e-02,5.853600939243300445e+02
1.049026865838232681e+01,6.859343696928304514e-03,4.150282044569508777e-01,-9.331574949074203373e-02,5.863405965942199600e+02
1.049276995776228993e+01,6.820455738366181138e-03,4.192811498170159745e-01,-9.907809773539627551e-02,5.873210992641099892e+02
1.049525484145749310e+01,6.781876791110071599e-03,4.233283297850049531e-01,-1.005738402451512858e-01,5.883016019340000184e+02
1.049772346134185419e+01,6.743603608079099150e-03,4.252638879285501883e-01,-1.003195769985961855e-01,5.892821046038900477e+02
1.050017596745154869e+01,6.705632985574958016e-03,4.254133663391377884e-01,-1.002060679823518347e-01,5.902626072737799632e+02
1.050261250801265689e+01,6.667961762568278515e-03,4.245584997886965306e-01,-1.009829946806577866e-01,5.912431099436699924e+02
1.050503322946829776e+01,6.630586819999067724e-03,4.232657740100878030e-01,-1.031115230812124639e-01,5.922236126135600216e+02
1.050743827650529205e+01,6.593505080090834511e-03,4.226568404223034481e-01,-1.070770755627887677e-01,5.932041152834500508e+02
1.050982779208032980e+01,6.556713505678144795e-03,4.245064528046085806e-01,-1.120914474235593927e-01,5.941846179533399663e+02
1.051220191744568844e+01,6.520209099547252286e-03,4.294141667305694798e-01,-1.155652581435946818e-01,5.951651206232299955e+02
1.051456079217447659e+01,6.483988903789577457e-03,4.350807529838419674e-01,-1.148352023775047470e-01,5.961456232931200248e+02
1.051690455418544978e+01,6.448049999167655699e-03,4.368403384900724773e-01,-1.104599075733235652e-01,5.971261259630100540e+02
1.051923333976735897e+01,6.412389504493334370e-03,4.321802791061041815e-01,-1.081755522989686635e-01,5.981066286328999695e+02
1.052154728360290292e+01,6.377004576017922949e-03,4.262522004044207447e-01,-1.142334007208371388e-01,5.990871313027899987e+02
1.052384651879222588e+01,6.341892406834039563e-03,4.285436941100437269e-01,-1.259722181599511603e-01,6.000676339726800279e+02
1.052613117687603683e+01,6.307050226288878937e-03,4.403191032502949964e-01,-1.325036973908619298e-01,6.010481366425699434e+02
1.052840138785828827e+01,6.272475299408632014e-03,4.519519757709639096e-01,-1.283340258248184818e-01,6.020286393124599726e+02
1.053065728022849434e+01,6.238164926333876828e-03,4.547486684985995176e-01,-1.193567824691589702e-01,6.030091419823500019e+02
1.053289898098363686e+01,6.204116441765603236e-03,4.494243744039635446e-01,-1.154551270550279590e-01,6.039896446522400311e+02
1.053512661564970010e+01,6.170327214421714515e-03,4.446502191126899817e-01,-1.212887604411741205e-01,6.049701473221299466e+02
1.053734030830283430e+01,6.136794646503716116e-03,4.494929373610688228e-01,-1.317424166623033521e-01,6.059506499920199758e+02
1.053954018159015860e+01,6.103516173173442402e-03,4.642492380545559238e-01,-1.354694466574927758e-01,6.069311526619100050e+02
1.054172635675018910e+01,6.070489262039512578e-03,4.784460650981166574e-01,-1.260980001332297484e-01,6.079116553318000342e+02
1.054389895363294194e+01,6.037711412653381376e-03,4.808882894878414582e-01,-1.098792878263812056e-01,6.088921580016899497e+02
1.054605809071967393e+01,6.005180156014707817e-03,4.714896939507528528e-01,-9.972878704004213557e-02,6.098726606715799790e+02
1.054820388514229634e+01,5.972893054085916253e-03,4.611055962063821401e-01,-1.019096861730324072e-01,6.108531633414700082e+02
1.055033645270244591e+01,5.940847699315682587e-03,4.599237544284964230e-01,-1.105252131379816094e-01,6.118336660113600374e+02
1.055245590789025911e+01,5.909041714171199902e-03,4.681426322364092285e-01,-1.146645391722075080e-01,6.128141686812499529e+02
1.055456236390280189e+01,5.877472750678980687e-03,4.771450733400791622e-01,-1.085811165963243702e-01,6.137946713511399821e+02
1.055665593266220448e+01,5.846138489974112354e-03,4.773908980203382946e-01,-9.639356267412199641e-02,6.147751740210300113e+02
1.055873672483348358e+01,5.815036641857665098e-03,4.674788045239978151e-01,-8.890382612849119515e-02,6.157556766909200405e+02
1.056080484984207679e+01,5.784164944362170553e-03,4.566972739079341870e-01,-9.252006636793565220e-02,6.167361793608099561e+02
1.056286041589106972e+01,5.753521163324937931e-03,4.544714629488725288e-01,-1.016778935705878600e-01,6.177166820306999853e+02
1.056490352997815130e+01,5.723103091969111364e-03,4.598535314070545943e-01,-1.065974509595034453e-01,6.186971847005900145e+02
1.056693429791227778e+01,5.692908550492232524e-03,4.649906293487641729e-01,-1.041528105433264795e-01,6.196776873704800437e+02
1.056895282433005612e+01,5.662935385662191436e-03,4.640983897533806357e-01,-9.888073647434690583e-02,6.206581900403699592e+02
1.057095921271188210e+01,5.633181470420405880e-03,4.577704352621088657e-01,-9.748943465949179432e-02,6.216386927102599884e+02
1.057295356539777842e+01,5.603644703492078466e-03,4.516853044093358527e-01,-1.033331439242052424e-01,6.226191953801500176e+02
1.057493598360299281e+01,5.574323009003380458e-03,4.522285603869006243e-01,-1.138615037358182841e-01,6.235996980500400468e+02
1.057690656743334401e+01,5.545214336105415767e-03,4.615380460616179126e-01,-1.218746220513097639e-01,6.245802007199299624e+02
1.057886541590029950e+01,5.516316658604821128e-03,4.747253391159137470e-01,-1.206071155260687450e-01,6.255607033898199916e+02
1.058081262693582936e+01,5.487627974600900113e-03,4.826289727735664781e-01,-1.099743464704439344e-01,6.265412060597100208e+02
1.058274829740700440e+01,5.459146306129107097e-03,4.795360968063952511e-01,-9.787124875169464500e-02,6.275217087296000500e+02
1.058467252313035445e+01,5.430869698810784039e-03,4.687287742652823663e-01,-9.372257069662152940e-02,6.285022113994899655e+02
1.058658539888601702e+01,5.402796221508999151e-03,4.597036722180694590e-01,-1.002024770021001793e-01,6.294827140693799947e+02
1.058848701843162488e+01,5.374923965990402452e-03,4.598588658936711426e-01,-1.113756648951413214e-01,6.304632167392700239e+02
1.059037747451600353e+01,5.347251046592925612e-03,4.688654339136767990e-01,-1.182023945801807946e-01,6.314437194091600531e+02
1.059225685889262891e+01,5.319775599899251479e-03,4.795216029924100343e-01,-1.156061579731089139e-01,6.324242220790499687e+02
1.059412526233286833e+01,5.292495784415891975e-03,4.834427248999433879e-01,-1.064484799486512118e-01,6.334047247489399979e+02
1.059598277463903671e+01,5.265409780257829242e-03,4.784187711799558484e-01,-9.936392361093658587e-02,6.343852274188300271e+02
1.059782948465720231e+01,5.238515788838517956e-03,4.704086056977880848e-01,-1.005091836114822557e-01,6.353657300887200563e+02
1.059966548028983446e+01,5.211812032565236660e-03,4.670555603950836132e-01,-1.084001686480666610e-01,6.363462327586099718e+02
1.060149084850822021e+01,5.185296754539582553e-03,4.714184284440154360e-01,-1.167495900691234018e-01,6.373267354285000010e+02
1.060330567536469104e+01,5.158968218263121873e-03,4.807312176961770489e-01,-1.195344952393866678e-01,6.383072380983900302e+02
1.060511004600467189e+01,5.132824707347987715e-03,4.884682662717095281e-01,-1.152422006150529282e-01,6.392877407682799458e+02
1.060690404467852943e+01,5.106864525232370638e-03,4.895965097547625433e-01,-1.085018152156700388e-01,6.402682434381699750e+02
1.060868775475322856e+01,5.081085994900839606e-03,4.851902451963107099e-01,-1.060165575626882961e-01,6.412487461080600042e+02
1.061046125872383072e+01,5.055487458609331936e-03,4.812426748452267589e-01,-1.108102739524496755e-01,6.422292487779500334e+02
1.061222463822477735e+01,5.030067277614777566e-03,4.841132417453175019e-01,-1.199266223412161908e-01,6.432097514478399489e+02
1.061397797404103471e+01,5.004823831909215384e-03,4.954379521721143931e-01,-1.256629346801898806e-01,6.441902541177299781e+02
1.061572134611904872e+01,4.979755519958379076e-03,5.088147659998244476e-01,-1.217093452537484494e-01,6.451707567876200073e+02
1.061745483357752384e+01,4.954860758444596357e-03,5.148049913327169547e-01,-1.107917892428559314e-01,6.461512594575100366e+02
1.061917851471805108e+01,4.930137982013973845e-03,5.110872164454932642e-01,-1.028843844239862720e-01,6.471317621273999521e+02
1.062089246703556888e+01,4.905585643027733991e-03,5.052733264133771884e-01,-1.055006476246189706e-01,6.481122647972899813e+02
1.062259676722865365e+01,4.881202211317683254e-03,5.089545626266224199e-01,-1.161915414446013234e-01,6.490927674671800105e+02
1.062429149120966621e+01,4.856986173945683147e-03,5.270831537382799636e-01,-1.218922767537129054e-01,6.500732701370700397e+02
1.062597671411473499e+01,4.832936034967061714e-03,5.491826847419792879e-01,-1.097619696378394488e-01,6.510537728069599552e+02
1.062765251031358815e+01,4.809050315197888233e-03,5.572154107824017766e-01,-8.339558568623768597e-02,6.520342754768499844e+02
1.062931895341925248e+01,4.785327551986073846e-03,5.457097391827029353e-01,-6.027301922641138676e-02,6.530147781467400137e+02
1.063097611629757289e+01,4.761766298986153285e-03,5.252973580594398895e-01,-5.316665733345773970e-02,6.539952808166300429e+02
1.063262407107662000e+01,4.738365125937745934e-03,5.108577828884377503e-01,-6.176319560736935610e-02,6.549757834865199584e+02
1.063426288915594320e+01,4.715122618447579149e-03,5.114586704764410019e-01,-7.479374489494505784e-02,6.559562861564099876e+02
1.063589264121567979e+01,4.692037377775053891e-03,5.225725331099267956e-01,-7.810668874358864255e-02,6.569367888263000168e+02
1.063751339722553801e+01,4.669108020621225152e-03,5.301907484428645123e-01,-6.985989462696556851e-02,6.579172914961900460e+02
1.063912522645364156e+01,4.646333178921204995e-03,5.285392455859047045e-01,-6.003987328489367864e-02,6.588977941660799615e+02
1.064072819747523724e+01,4.623711499639839885e-03,5.222303900909949226e-01,-5.570633751186552379e-02,6.598782968359699908e+02
1.064232237818129079e+01,4.601241644570697870e-03,5.178248853926299411e-01,-5.681487341855594869e-02,6.608587995058600200e+02
1.064390783578691924e+01,4.578922290138217298e-03,5.180322534936907530e-01,-5.767859583137757012e-02,6.618393021757500492e+02
1.064548463683975221e+01,4.556752127203013598e-03,5.175249599830838987e-01,-5.488242611788769765e-02,6.628198048456399647e+02
1.064705284722811385e+01,4.534729860870248715e-03,5.133984470782133602e-01,-5.306731959525397280e-02,6.638003075155299939e+02
1.064861253218912474e+01,4.512854210301059724e-03,5.083064041821176993e-01,-5.488494524302511141e-02,6.647808101854200231e+02
1.065016375631667067e+01,4.491123908526913067e-03,5.043184747444681149e-01,-6.065996737662902871e-02,6.657613128553100523e+02
1.065170658356924349e+01,4.469537702266909544e-03,5.043014053753289705e-01,-7.181610846427653738e-02,6.667418155251999679e+02
1.065324107727769487e+01,4.448094351747922115e-03,5.198361581318080571e-01,-8.613204993368890616e-02,6.677223181950899971e+02
1.065476730015284446e+01,4.426792630527570833e-03,5.472285191306162089e-01,-7.022655407672248606e-02,6.687028208649800263e+02
1.065628531429300629e+01,4.405631325319928245e-03,5.411652091777910956e-01,-4.594934620022657346e-02,6.696833235348700555e+02
1.065779518119138736e+01,4.384609235823953496e-03,5.284189036087697522e-01,-3.854762483027206893e-02,6.706638262047599710e+02
1.065929696174339192e+01,4.363725174554566703e-03,5.175626788920558718e-01,-3.825833593219483963e-02,6.716443288746500002e+02
1.066079071625380692e+01,4.342977966676359221e-03,5.084345959128756531e-01,-4.354528409954449425e-02,6.726248315445400294e+02
1.066227650444389319e+01,4.322366449839841820e-03,5.047625694238963012e-01,-5.495053879828919879e-02,6.736053342144299450e+02
1.066375438545837717e+01,4.301889474020223827e-03,5.124254727066033244e-01,-6.694778948861256074e-02,6.745858368843199742e+02
1.066522441787233610e+01,4.281545901358665106e-03,5.287136545701066614e-01,-6.819304367131581723e-02,6.755663395542100034e+02
1.066668665969798546e+01,4.261334606005955788e-03,5.406252324237135198e-01,-5.538825581173317802e-02,6.765468422241000326e+02
1.066814116839136872e+01,4.241254473968579519e-03,5.387486639371804609e-01,-3.812940560277171959e-02,6.775273448939899481e+02
1.066958800085896719e+01,4.221304402957111630e-03,5.259161362434841003e-01,-2.899520772167157520e-02,6.785078475638799773e+02
1.067102721346418548e+01,4.201483302236947055e-03,5.136125837592436794e-01,-3.216910510091620934e-02,6.794883502337700065e+02
1.067245886203377658e+01,4.181790092481248687e-03,5.107911491064289766e-01,-4.061090560213208300e-02,6.804688529036600357e+02
1.067388300186415862e+01,4.162223705626152612e-03,5.160829218335974966e-01,-4.365394624861156092e-02,6.814493555735499513e+02
1.067529968772764448e+01,4.142783084728126133e-03,5.195365254708285141e-01,-3.772051946509936277e-02,6.824298582434399805e+02
1.067670897387859519e+01,4.123467183823501143e-03,5.145394269534775411e-01,-3.062907185048992231e-02,6.834103609133300097e+02
1.067811091405946478e+01,4.104274967790082218e-03,5.060213190373425984e-01,-2.975995670049125588e-02,6.843908635832200389e+02
1.067950556150678132e+01,4.085205412210845058e-03,5.003442242672698770e-01,-3.315562976016813573e-02,6.853713662531099544e+02
1.068089296895704621e+01,4.066257503239652411e-03,4.976483372040031439e-01,-3.623695463054216193e-02,6.863518689229999836e+02
1.068227318865252329e+01,4.047430237468987481e-03,4.947073193239559519e-01,-3.806740181190210875e-02,6.873323715928900128e+02
1.068364627234697828e+01,4.028722621799636291e-03,4.903784025813838765e-01,-4.179123669418199905e-02,6.883128742627800420e+02
1.068501227131133291e+01,4.010133673312301673e-03,4.886840411069336421e-01,-4.943348308185585571e-02,6.892933769326699576e+02
1.068637123633921782e+01,3.991662419141113298e-03,4.937714981267068981e-01,-5.665413462885839774e-02,6.902738796025599868e+02
1.068772321775248102e+01,3.973307896349012082e-03,5.030952004430733204e-01,-5.682342283131260746e-02,6.912543822724500160e+02
1.068906826540660404e+01,3.955069151804952582e-03,5.090165782429380004e-01,-4.850000652124523276e-02,6.922348849423400452e+02
1.069040642869603630e+01,3.936945242062910369e-03,5.056605164504873740e-01,-3.748072037479467655e-02,6.932153876122299607e+02
1.069173775655947445e+01,3.918935233242657953e-03,4.944482814878398136e-01,-3.211268303182420597e-02,6.941958902821199899e+02
1.069306229748505821e+01,3.901038200912291913e-03,4.828884791130926279e-01,-3.589622657626165975e-02,6.951763929520100191e+02
1.069438009951549517e+01,3.883253229972452245e-03,4.776981543235025995e-01,-4.482334135541390235e-02,6.961568956219000484e+02
1.069569121025312342e+01,3.865579414542236539e-03,4.789695097038247362e-01,-5.160223640343621770e-02,6.971373982917899639e+02
1.069699567686489594e+01,3.848015857846754338e-03,4.807243319238044821e-01,-5.325423461066601527e-02,6.981179009616799931e+02
1.069829354608730654e+01,3.830561672106325144e-03,4.786672368829059665e-01,-5.391212810397093963e-02,6.990984036315700223e+02
1.069958486423123922e+01,3.813215978427254155e-03,4.751347346347717937e-01,-5.840912122402529966e-02,7.000789063014600515e+02
1.070086967718676618e+01,3.795977906694195710e-03,4.752587692418815957e-01,-6.654207094607898776e-02,7.010594089713499670e+02
1.070214803042786222e+01,3.778846595464040690e-03,4.816004905804427416e-01,-7.364069744093780512e-02,7.020399116412399962e+02
1.070341996901708015e+01,3.761821191861349552e-03,4.915192220617519703e-01,-7.455148697964741888e-02,7.030204143111300255e+02
1.070468553761013375e+01,3.744900851475258148e-03,4.989988803159390307e-01,-6.864124433891398425e-02,7.040009169810200547e+02
1.070594478046045239e+01,3.728084738257859791e-03,5.006048142080113950e-01,-6.027930548776636727e-02,7.049814196509099702e+02
1.070719774142365033e+01,3.711372024424028446e-03,4.976611818426660006e-01,-5.349165573821527964e-02,7.059619223207999994e+02
1.070844446396193739e+01,3.694761890352667860e-03,4.925175256581472705e-01,-4.909409185436549444e-02,7.069424249906900286e+02
1.070968499114849948e+01,3.678253524489363217e-03,4.857750432129710472e-01,-4.680663150779185849e-02,7.079229276605799441e+02
1.071091936567177250e+01,3.661846123250379805e-03,4.774020549182145245e-01,-4.775821363432585648e-02,7.089034303304699733e+02
1.071214762983971092e+01,3.645538890928049034e-03,4.692965030229622747e-01,-5.397193813928594097e-02,7.098839330003600026e+02
1.071336982558396755e+01,3.629331039597462425e-03,4.656884621203117858e-01,-6.557863500500706044e-02,7.108644356702500318e+02
1.071458599446402182e+01,3.613221789024480528e-03,4.707938085366425995e-01,-7.882196400016977522e-02,7.118449383401399473e+02
1.071579617767126891e+01,3.597210366575014692e-03,4.851458540620439686e-01,-8.645805558997425588e-02,7.128254410100299765e+02
1.071700041603304321e+01,3.581296007125605099e-03,5.026207108611389085e-01,-8.191117944584955235e-02,7.138059436799200057e+02
1.071819875001658673e+01,3.565477952975211820e-03,5.129822210527020809e-01,-6.567551926397864615e-02,7.147864463498100349e+02
1.071939121973297659e+01,3.549755453758248348e-03,5.097102225445557799e-01,-4.611400892706515875e-02,7.157669490196999504e+02
1.072057786494099041e+01,3.534127766358814704e-03,4.941766547892786354e-01,-3.350994458392604625e-02,7.167474516895899797e+02
1.072175872505093608e+01,3.518594154826117093e-03,4.743263011117571648e-01,-3.462642047900402198e-02,7.177279543594800089e+02
1.072293383912841236e+01,3.503153890291059794e-03,4.613570467117751872e-01,-4.892220549304852201e-02,7.187084570293700381e+02
1.072410324589803743e+01,3.487806250883977634e-03,4.629706328085294587e-01,-6.691363272154125796e-02,7.196889596992599536e+02
1.072526698374711884e+01,3.472550521653495169e-03,4.762122562255434732e-01,-7.631398487424301269e-02,7.206694623691499828e+02
1.072642509072928618e+01,3.457385994486513424e-03,4.898044650623741836e-01,-7.256044323757929182e-02,7.216499650390400120e+02
1.072757760456806331e+01,3.442311968029273476e-03,4.942912355559305193e-01,-6.164333813207100582e-02,7.226304677089300412e+02
1.072872456266041752e+01,3.427327747609512035e-03,4.890952727626441954e-01,-5.385469611363540715e-02,7.236109703788199567e+02
1.072986600208022701e+01,3.412432645159654832e-03,4.820269215641605487e-01,-5.512248208522699949e-02,7.245914730487099860e+02
1.073100195958174652e+01,3.397625979141079017e-03,4.821226594471594296e-01,-6.192058757641107775e-02,7.255719757186000152e+02
1.073213247160299666e+01,3.382907074469386922e-03,4.908635397464624073e-01,-6.445678111548867883e-02,7.265524783884900444e+02
1.073325757426912475e+01,3.368275262440691142e-03,5.001732580204217848e-01,-5.623511922823441755e-02,7.275329810583799599e+02
1.073437730339572127e+01,3.353729880658894071e-03,4.996454611667561219e-01,-4.094796642219925009e-02,7.285134837282699891e+02
1.073549169449208662e+01,3.339270272963951007e-03,4.865317224759602155e-01,-3.013090576022873709e-02,7.294939863981600183e+02
1.073660078276447649e+01,3.324895789361096473e-03,4.694377738071519035e-01,-3.298565629227258322e-02,7.304744890680500475e+02
1.073770460311927799e+01,3.310605785951009020e-03,4.611888542579584693e-01,-4.747823508232475870e-02,7.314549917379399631e+02
1.073880319016616802e+01,3.296399624860923624e-03,4.675181449060779593e-01,-6.200949072369597165e-02,7.324354944078299923e+02
1.073989657822123078e+01,3.282276674176655244e-03,4.827168527057161818e-01,-6.525194280918826528e-02,7.334159970777200215e+02
1.074098480131001665e+01,3.268236307875527907e-03,4.945235640578074521e-01,-5.485183448791730587e-02,7.343964997476100507e+02
1.074206789317058686e+01,3.254277905760204551e-03,4.938786712292291270e-01,-3.907840339481283287e-02,7.353770024174999662e+02
1.074314588725650488e+01,3.240400853393371212e-03,4.821737211293077308e-01,-2.956376330559681159e-02,7.363575050873899954e+02
1.074421881673979939e+01,3.226604542033314604e-03,4.688002090233001629e-01,-3.150284738085620123e-02,7.373380077572800246e+02
1.074528671451388284e+01,3.212888368570327585e-03,4.625914870082283858e-01,-4.102138842119789491e-02,7.383185104271700538e+02
1.074634961319644155e+01,3.199251735463965515e-03,4.657872588619268450e-01,-4.951445409079559962e-02,7.392990130970599694e+02
1.074740754513228325e+01,3.185694050681117055e-03,4.729594402367617856e-01,-5.035995944419970061e-02,7.402795157669499986e+02
1.074846054239614901e+01,3.172214727634895936e-03,4.758507221005309762e-01,-4.470087799821848701e-02,7.412600184368400278e+02
1.074950863679550750e+01,3.158813185124331995e-03,4.718160663311900538e-01,-3.997645011580613222e-02,7.422405211067299433e+02
1.075055185987328521e+01,3.145488847274841536e-03,4.659491519028317597e-01,-4.138394467344830296e-02,7.432210237766199725e+02
1.075159024291058429e+01,3.132241143479481786e-03,4.647736976330952285e-01,-4.684422671660035120e-02,7.442015264465100017e+02
1.075262381692936664e+01,3.119069508340969934e-03,4.694128313439064337e-01,-4.950863449055094984e-02,7.451820291164000309e+02
1.075365261269510242e+01,3.105973381614449396e-03,4.736345051542401596e-01,-4.512969542401640277e-02,7.461625317862899465e+02
1.075467666071937423e+01,3.092952208150993344e-03,4.705997104242812257e-01,-3.826090073733405539e-02,7.471430344561799757e+02
1.075569599126246878e+01,3.080005437841855896e-03,4.621203393314995966e-01,-3.708078953948285711e-02,7.481235371260700049e+02
1.075671063433592423e+01,3.067132525563431075e-03,4.559127497379913962e-01,-4.304562483519510513e-02,7.491040397959600341e+02
1.075772061970505433e+01,3.054332931122908257e-03,4.561757409909842353e-01,-5.056879550203007001e-02,7.500845424658499496e+02
1.075872597689143362e+01,3.041606119204649274e-03,4.601938312436562040e-01,-5.412998230081671885e-02,7.510650451357399788e+02
1.075972673517536293e+01,3.028951559317236402e-03,4.625722449135635794e-01,-5.401147984333602020e-02,7.520455478056300080e+02
1.076072292359829419e+01,3.016368725741208623e-03,4.621940725115435966e-01,-5.481562077062817478e-02,7.530260504755200373e+02
1.076171457096523554e+01,3.003857097477451860e-03,4.630013238422203692e-01,-5.838591357118668584e-02,7.540065531454099528e+02
1.076270170584712638e+01,2.991416158196255788e-03,4.676655358569028476e-01,-6.121887194943564925e-02,7.549870558152999820e+02
1.076368435658317146e+01,2.979045396187022902e-03,4.734663464954064760e-01,-5.941027727310967121e-02,7.559675584851900112e+02
1.076466255128316618e+01,2.966744304308603815e-03,4.753450806462279354e-01,-5.403830660762455607e-02,7.569480611550800404e+02
1.076563631782978092e+01,2.954512379940267466e-03,4.720038514036042354e-01,-5.044176050736094707e-02,7.579285638249699559e+02
1.076660568388082417e+01,2.942349124933288027e-03,4.677556782068559849e-01,-5.232413700495596592e-02,7.589090664948599851e+02
1.076757067687147540e+01,2.930254045563153269e-03,4.679326431292609723e-01,-5.747910599012467231e-02,7.598895691647500144e+02
1.076853132401649660e+01,2.918226652482360135e-03,4.728043089408665578e-01,-6.020626306150379803e-02,7.608700718346400436e+02
1.076948765231240124e+01,2.906266460673806191e-03,4.775034331567655776e-01,-5.822907270953343178e-02,7.618505745045299591e+02
1.077043968853963030e+01,2.894372989404771310e-03,4.787404921964223403e-01,-5.496783249504982177e-02,7.628310771744199883e+02
1.077138745926466790e+01,2.882545762181473997e-03,4.786809476723292156e-01,-5.389864504797037964e-02,7.638115798443100175e+02
1.077233099084214807e+01,2.870784306704188445e-03,4.809492559008127777e-01,-5.353169589279613283e-02,7.647920825142000467e+02
1.077327030941694197e+01,2.859088154822931466e-03,4.846491730003367748e-01,-4.943004059731101463e-02,7.657725851840899622e+02
1.077420544092621491e+01,2.847456842493683270e-03,4.841521187187143305e-01,-4.100557842947984144e-02,7.667530878539799915e+02
1.077513641110144427e+01,2.835889909735175071e-03,4.761550225739379916e-01,-3.408072464675977048e-02,7.677335905238700207e+02
1.077606324547044814e+01,2.824386900586189301e-03,4.643609595228629372e-01,-3.480519542549589257e-02,7.687140931937600499e+02
1.077698596935935882e+01,2.812947363063407567e-03,4.558911947504952766e-01,-4.367818096579229037e-02,7.696945958636499654e+02
1.077790460789458216e+01,2.801570849119756033e-03,4.554374686725233823e-01,-5.572105543578468462e-02,7.706750985335399946e+02
1.077881918600474798e+01,2.790256914603285975e-03,4.623780453999070672e-01,-6.462122621166675740e-02,7.716556012034300238e+02
1.077972972842261967e+01,2.779005119216551318e-03,4.723311623921556679e-01,-6.711634222861845300e-02,7.726361038733200530e+02
1.078063625968699135e+01,2.767815026476477553e-03,4.811351128590090620e-01,-6.365691139643175900e-02,7.736166065432099685e+02
1.078153880414455479e+01,2.756686203674725902e-03,4.863401563004395300e-01,-5.596000181163894582e-02,7.745971092130999978e+02
1.078243738595176460e+01,2.745618221838550151e-03,4.860094993001692343e-01,-4.613130524880540428e-02,7.755776118829900270e+02
1.078333202907665189e+01,2.734610655692121424e-03,4.789521495253556971e-01,-3.793926471039280740e-02,7.765581145528800562e+02
1.078422275730064328e+01,2.723663083618325237e-03,4.673213711103297308e-01,-3.627081549892117313e-02,7.775386172227699717e+02
1.078510959422035320e+01,2.712775087621020851e-03,4.572603870715311603e-01,-4.307002024636615717e-02,7.785191198926600009e+02
1.078599256324933897e+01,2.701946253287765970e-03,4.545858572804122866e-01,-5.438710322306780642e-02,7.794996225625500301e+02
1.078687168761985760e+01,2.691176169752989428e-03,4.595880085615156596e-01,-6.310617777720584076e-02,7.804801252324399456e+02
1.078774699038459239e+01,2.680464429661593654e-03,4.668181709592248430e-01,-6.512469485874962383e-02,7.814606279023299749e+02
1.078861849441836185e+01,2.669810629133022480e-03,4.704176290881557643e-01,-6.267000512434901804e-02,7.824411305722200041e+02
1.078948622241980715e+01,2.659214367725744842e-03,4.695622681373405327e-01,-6.133381667306731649e-02,7.834216332421100333e+02
1.079035019691306019e+01,2.648675248402162629e-03,4.685172496282209997e-01,-6.404920877938416468e-02,7.844021359119999488e+02
1.079121044024939557e+01,2.638192877493942667e-03,4.715065304546233182e-01,-6.823441455685964885e-02,7.853826385818899780e+02
1.079206697460887199e+01,2.627766864667777178e-03,4.779080769027423403e-01,-6.904089339210837950e-02,7.863631412517800072e+02
1.079291982200193090e+01,2.617396822891526753e-03,4.831930456173978983e-01,-6.488781181289564326e-02,7.873436439216700364e+02
1.079376900427099883e+01,2.607082368400790925e-03,4.838770616782755440e-01,-5.874669036897745694e-02,7.883241465915599520e+02
1.079461454309207369e+01,2.596823120665857354e-03,4.804510326310633128e-01,-5.488191618767491314e-02,7.893046492614499812e+02
1.079545645997626657e+01,2.586618702359060398e-03,4.764127056493066004e-01,-5.525573247552045819e-02,7.902851519313400104e+02
1.079629477627136858e+01,2.576468739322514828e-03,4.751110459239086814e-01,-5.833862685354514188e-02,7.912656546012300396e+02
1.079712951316335179e+01,2.566372860536234642e-03,4.772547288941230703e-01,-6.100238928626612600e-02,7.922461572711199551e+02
1.079796069167789874e+01,2.556330698086628321e-03,4.813665230839853093e-01,-6.112780694934120962e-02,7.932266599410099843e+02
1.079878833268187854e+01,2.546341887135368780e-03,4.855588937390087345e-01,-5.802133546030366351e-02,7.942071626109000135e+02
1.079961245688483373e+01,2.536406065888622413e-03,4.878491337518325310e-01,-5.164997276760698031e-02,7.951876652807900427e+02
1.080043308484043330e+01,2.526522875566644590e-03,4.857031920996972563e-01,-4.321920258246043922e-02,7.961681679506799583e+02
1.080125023694791331e+01,2.516691960373728613e-03,4.775343068917598521e-01,-3.641739954923302325e-02,7.971486706205699875e+02
1.080206393345351223e+01,2.506912967468513317e-03,4.653774552216585758e-01,-3.590692505926761091e-02,7.981291732904600167e+02
1.080287419445187602e+01,2.497185546934625484e-03,4.547621405075777390e-01,-4.372573037342673830e-02,7.991096759603500459e+02
1.080368103988745432e+01,2.487509351751674390e-03,4.518601827707134366e-01,-5.710116299674115187e-02,8.000901786302399614e+02
1.080448448955588070e+01,2.477884037766577268e-03,4.593925785538423012e-01,-6.846132357984675842e-02,8.010706813001299906e+02
1.080528456310534580e+01,2.468309263665226499e-03,4.723962987735449981e-01,-6.959009446444656966e-02,8.020511839700200198e+02
1.080608128003793311e+01,2.458784690944471225e-03,4.800174905064238939e-01,-5.985983897636058815e-02,8.030316866399100491e+02
1.080687465971096550e+01,2.449309983884440274e-03,4.756020379705901413e-01,-4.851945427531284549e-02,8.040121893097999646e+02
1.080766472133832501e+01,2.439884809521166917e-03,4.631460275345195554e-01,-4.602897067190186986e-02,8.049926919796899938e+02
1.080845148399176026e+01,2.430508837619544532e-03,4.530205861656028121e-01,-5.519092401694003502e-02,8.059731946495800230e+02
1.080923496660217431e+01,2.421181740646586276e-03,4.536294240707751113e-01,-6.979270460299419332e-02,8.069536973194700522e+02
1.081001518796090188e+01,2.411903193744993103e-03,4.655024919464894051e-01,-7.940387643037896681e-02,8.079341999893599677e+02
1.081079216672098475e+01,2.402672874707018850e-03,4.807357209020198252e-01,-7.691462782303119805e-02,8.089147026592499969e+02
1.081156592139841699e+01,2.393490463948648884e-03,4.886529948353734998e-01,-6.424455075037664720e-02,8.098952053291400262e+02
1.081233647037337775e+01,2.384355644484059764e-03,4.845164918546085997e-01,-5.118646002147130697e-02,8.108757079990300554e+02
1.081310383189146229e+01,2.375268101900378584e-03,4.735683099710080168e-01,-4.683144645888180635e-02,8.118562106689199709e+02
1.081386802406488989e+01,2.366227524332723334e-03,4.654111313090779634e-01,-5.175549636259059449e-02,8.128367133388100001e+02
1.081462906487370468e+01,2.357233602439532533e-03,4.652087004593900010e-01,-5.924803083318549990e-02,8.138172160087000293e+02
1.081538697216695333e+01,2.348286029378173715e-03,4.708836661513334798e-01,-6.218526465107442058e-02,8.147977186785899448e+02
1.081614176366387525e+01,2.339384500780824702e-03,4.761452034572329906e-01,-5.804570932088697066e-02,8.157782213484799740e+02
1.081689345695504123e+01,2.330528714730631130e-03,4.752669745409663360e-01,-5.009526348665602896e-02,8.167587240183700033e+02
1.081764206950351337e+01,2.321718371738133290e-03,4.673648317557713150e-01,-4.493225314737020470e-02,8.177392266882600325e+02
1.081838761864598730e+01,2.312953174717953184e-03,4.572245299371943128e-01,-4.717080521726596531e-02,8.187197293581499480e+02
1.081913012159389353e+01,2.304232828965750886e-03,4.510803989492974120e-01,-5.581202288346512330e-02,8.197002320280399772e+02
1.081986959543453608e+01,2.295557042135436352e-03,4.518106232307862458e-01,-6.599969305889820392e-02,8.206807346979300064e+02
1.082060605713217072e+01,2.286925524216637529e-03,4.581493070976974114e-01,-7.305804034347536391e-02,8.216612373678200356e+02
1.082133952352910633e+01,2.278337987512415660e-03,4.666718339528812542e-01,-7.467071827907091619e-02,8.226417400377099511e+02
1.082207001134677959e+01,2.269794146617235605e-03,4.737080579298565408e-01,-7.100101722901103196e-02,8.236222427075999803e+02
1.082279753718681015e+01,2.261293718395184643e-03,4.764918959934640319e-01,-6.419569074474813786e-02,8.246027453774900096e+02
1.082352211753207527e+01,2.252836421958420276e-03,4.740874326055137256e-01,-5.766177453552431137e-02,8.255832480473800388e+02
1.082424376874773486e+01,2.244421978645873891e-03,4.679702900307823876e-01,-5.473712029393333622e-02,8.265637507172699543e+02
1.082496250708226881e+01,2.236050112002177341e-03,4.615878010252524866e-01,-5.708585567777377939e-02,8.275442533871599835e+02
1.082567834866850731e+01,2.227720547756829352e-03,4.589907711083262565e-01,-6.357697007975703085e-02,8.285247560570500127e+02
1.082639130952463091e+01,2.219433013803596109e-03,4.626561021836136933e-01,-6.994175547461621567e-02,8.295052587269400419e+02
1.082710140555517420e+01,2.211187240180127397e-03,4.706202478176707560e-01,-7.047950102762214064e-02,8.304857613968299574e+02
1.082780865255201874e+01,2.202982959047806479e-03,4.758860338962598857e-01,-6.301438554994709396e-02,8.314662640667199867e+02
1.082851306619537368e+01,2.194819904671824196e-03,4.718253937634654949e-01,-5.296905098065785716e-02,8.324467667366100159e+02
1.082921466205473848e+01,2.186697813401458634e-03,4.595328354122056869e-01,-4.977942341467501974e-02,8.334272694065000451e+02
1.082991345558987284e+01,2.178616423650587240e-03,4.479860235166308047e-01,-5.793799483218944196e-02,8.344077720763899606e+02
1.083060946215173281e+01,2.170575475878398428e-03,4.460654554111167513e-01,-7.244996880173572296e-02,8.353882747462799898e+02
1.083130269698342474e+01,2.162574712570322199e-03,4.546784691667706269e-01,-8.337756387345822418e-02,8.363687774161700190e+02
1.083199317522113247e+01,2.154613878219167195e-03,4.665432277937435201e-01,-8.467803797342865479e-02,8.373492800860600482e+02
1.083268091189502691e+01,2.146692719306459839e-03,4.733027460422267740e-01,-7.889756859499391650e-02,8.383297827559499638e+02
1.083336592193019499e+01,2.138810984283990354e-03,4.730521557983844994e-01,-7.373329409610855645e-02,8.393102854258399930e+02
1.083404822014752611e+01,2.130968423555556091e-03,4.712452288366709152e-01,-7.388951894526375741e-02,8.402907880957300222e+02
1.083472782126461276e+01,2.123164789458906535e-03,4.739431681751565262e-01,-7.636618960397704992e-02,8.412712907656200514e+02
1.083540473989663511e+01,2.115399836247877381e-03,4.806008188766920375e-01,-7.439164934527825457e-02,8.422517934355099669e+02
1.083607899055723500e+01,2.107673320074723248e-03,4.843407725763788085e-01,-6.547885638606654179e-02,8.432322961053999961e+02
1.083675058765937393e+01,2.099984998972639037e-03,4.790267212851961331e-01,-5.507980882063492900e-02,8.442127987752900253e+02
1.083741954551620168e+01,2.092334632838466473e-03,4.663543583633886769e-01,-5.236335033288150309e-02,8.451933014451800545e+02
1.083808587834190362e+01,2.084721983415593199e-03,4.560353673783302253e-01,-6.115845979557547191e-02,8.461738041150699701e+02
1.083874960025252676e+01,2.077146814277024914e-03,4.571248246396679149e-01,-7.480279156373356719e-02,8.471543067849599993e+02
1.083941072526682703e+01,2.069608890808653529e-03,4.689056983390884059e-01,-8.181622858726908532e-02,8.481348094548500285e+02
1.084006926730708464e+01,2.062107980192689257e-03,4.817286284701874921e-01,-7.648517315277215955e-02,8.491153121247399440e+02
1.084072524019992123e+01,2.054643851391275283e-03,4.859465021023631204e-01,-6.298013338103139458e-02,8.500958147946299732e+02
1.084137865767710629e+01,2.047216275130283713e-03,4.792165765394633126e-01,-5.048409589665101699e-02,8.510763174645200024e+02
1.084202953337634945e+01,2.039825023883273282e-03,4.663450716606055702e-01,-4.555489393009625604e-02,8.520568201344100316e+02
1.084267788084210160e+01,2.032469871855624444e-03,4.538002988213328259e-01,-4.884745557717105197e-02,8.530373228042999472e+02
1.084332371352632940e+01,2.025150594968836218e-03,4.453420006250144447e-01,-5.748502276515733700e-02,8.540178254741899764e+02
1.084396704478929152e+01,2.017866970845001717e-03,4.420394924775149503e-01,-6.854355270278614243e-02,8.549983281440800056e+02
1.084460788790030961e+01,2.010618778791430691e-03,4.442585536650517919e-01,-7.977578280806413291e-02,8.559788308139700348e+02
1.084524625603852144e+01,2.003405799785451177e-03,4.519699805443940788e-01,-8.837518645723406452e-02,8.569593334838599503e+02
1.084588216229363766e+01,1.996227816459355143e-03,4.631267012123951310e-01,-9.099721953979671152e-02,8.579398361537499795e+02
1.084651561966668432e+01,1.989084613085518888e-03,4.729159328416943087e-01,-8.618552403238283199e-02,8.589203388236400087e+02
1.084714664107073645e+01,1.981975975561666575e-03,4.762332089618794284e-01,-7.699401477027958962e-02,8.599008414935300380e+02
1.084777523933165355e+01,1.974901691396295945e-03,4.723640842336638279e-01,-6.990342299392231229e-02,8.608813441634199535e+02
1.084840142718880429e+01,1.967861549694250190e-03,4.664119470648583343e-01,-6.907120473358183133e-02,8.618618468333099827e+02
1.084902521729576996e+01,1.960855341142449856e-03,4.641724391757881540e-01,-7.226429651224389183e-02,8.628423495032000119e+02
1.084964662222106391e+01,1.953882857995765682e-03,4.662740539566984088e-01,-7.375991890520317007e-02,8.638228521730900411e+02
1.085026565444882962e+01,1.946943894063041290e-03,4.678944455825136406e-01,-7.068613582712379717e-02,8.648033548429799566e+02
1.085088232637952999e+01,1.940038244693259844e-03,4.643675937874861548e-01,-6.669978462796105623e-02,8.657838575128699858e+02
1.085149665033064892e+01,1.933165706761858383e-03,4.578009211630523212e-01,-6.792952054771030090e-02,8.667643601827600151e+02
1.085210863853735219e+01,1.926326078657182236e-03,4.550399011068516630e-01,-7.451651970966555183e-02,8.677448628526500443e+02
1.085271830315318198e+01,1.919519160267075825e-03,4.590292563837517492e-01,-8.030567735977130195e-02,8.687253655225399598e+02
1.085332565625071233e+01,1.912744752965616149e-03,4.659873946371985154e-01,-7.982202404154190023e-02,8.697058681924299890e+02
1.085393070982221353e+01,1.906002659599985698e-03,4.692485741054384651e-01,-7.331031127379829260e-02,8.706863708623200182e+02
1.085453347578030758e+01,1.899292684477473740e-03,4.655714646334797036e-01,-6.674303284980367956e-02,8.716668735322100474e+02
1.085513396595861302e+01,1.892614633352617459e-03,4.587652331737462341e-01,-6.552007613252235074e-02,8.726473762020999629e+02
1.085573219211239682e+01,1.885968313414469744e-03,4.545944348887501762e-01,-6.839093583453467740e-02,8.736278788719899921e+02
1.085632816591919791e+01,1.879353533274004005e-03,4.538347145647954051e-01,-7.039768710927699069e-02,8.746083815418800214e+02
1.085692189897947024e+01,1.872770102951643902e-03,4.525073652569323590e-01,-6.934117929010380488e-02,8.755888842117700506e+02
1.085751340281718846e+01,1.866217833864919698e-03,4.469791341737137103e-01,-6.838065595444065004e-02,8.765693868816599661e+02
1.085810268888049102e+01,1.859696538816254076e-03,4.391073836759888938e-01,-7.288823465903192245e-02,8.775498895515499953e+02
1.085868976854226631e+01,1.853206031980869162e-03,4.355056751899064604e-01,-8.356807288967216252e-02,8.785303922214400245e+02
1.085927465310077444e+01,1.846746128894821270e-03,4.404404371722798750e-01,-9.454136920629699348e-02,8.795108948913300537e+02
1.085985735378024764e+01,1.840316646443150139e-03,4.515178738000401593e-01,-9.858574208586079468e-02,8.804913975612199692e+02
1.086043788173147107e+01,1.833917402848155888e-03,4.611083037810663199e-01,-9.280371072098585195e-02,8.814719002311099985e+02
1.086101624803239218e+01,1.827548217657790032e-03,4.615733238890948886e-01,-8.196766666866402151e-02,8.824524029010000277e+02
1.086159246368868203e+01,1.821208911734167489e-03,4.527986740428375789e-01,-7.558420138582039316e-02,8.834329055708899432e+02
1.086216653963433210e+01,1.814899307242187013e-03,4.425169689867283207e-01,-7.827595281860526277e-02,8.844134082407799724e+02
1.086273848673221387e+01,1.808619227638279345e-03,4.375158049654890302e-01,-8.646730387899775883e-02,8.853939109106700016e+02
1.086330831577465084e+01,1.802368497659256191e-03,4.384984452705681934e-01,-9.393032000809757587e-02,8.863744135805600308e+02
1.086387603748398156e+01,1.796146943311279116e-03,4.414221935358231264e-01,-9.715948396121479314e-02,8.873549162504499463e+02
1.086444166251310506e+01,1.789954391858935125e-03,4.415824071148640728e-01,-9.779087769128656793e-02,8.883354189203399756e+02
1.086500520144604920e+01,1.783790671814423695e-03,4.385372513819223994e-01,-1.008301442407840559e-01,8.893159215902300048e+02
1.086556666479850008e+01,1.777655612926852449e-03,4.370152456419306719e-01,-1.087829360809733914e-01,8.902964242601200340e+02
1.086612606301835449e+01,1.771549046171639512e-03,4.417323323991536044e-01,-1.182560657180593139e-01,8.912769269300099495e+02
1.086668340648624387e+01,1.765470803740016486e-03,4.521562461546023703e-01,-1.229343455416386233e-01,8.922574295998999787e+02
1.086723870551607618e+01,1.759420719028649376e-03,4.621804001429957731e-01,-1.195083825706027558e-01,8.932379322697900079e+02
1.086779197035555455e+01,1.753398626629345614e-03,4.651737173373348688e-01,-1.116220231254563544e-01,8.942184349396800371e+02
1.086834321118669955e+01,1.747404362318879037e-03,4.608716144397100867e-01,-1.073370305917612094e-01,8.951989376095699527e+02
1.086889243812636074e+01,1.741437763048902252e-03,4.565504457677843630e-01,-1.109096758165612068e-01,8.961794402794599819e+02
1.086943966122673721e+01,1.735498666935971542e-03,4.596050940097723414e-01,-1.175114094937979442e-01,8.971599429493500111e+02
1.086998489047587491e+01,1.729586913251659596e-03,4.686841263626432830e-01,-1.177948620423865250e-01,8.981404456192400403e+02
1.087052813579816934e+01,1.723702342412776218e-03,4.739747534561055686e-01,-1.089730785088573600e-01,8.991209482891299558e+02
1.087106940705486657e+01,1.717844795971671876e-03,4.684136655298102303e-01,-9.921660137048834982e-02,9.001014509590199850e+02
1.087160871404455165e+01,1.712014116606654871e-03,4.559600689075669067e-01,-9.885100036448653260e-02,9.010819536289100142e+02
1.087214606650363535e+01,1.706210148112485055e-03,4.475908172146988995e-01,-1.101712211806761821e-01,9.020624562988000434e+02
1.087268147410684449e+01,1.700432735390972712e-03,4.521008200430593482e-01,-1.253179299374206912e-01,9.030429589686899590e+02
1.087321494646769082e+01,1.694681724441662873e-03,4.682966963833088969e-01,-1.312631238998709093e-01,9.040234616385799882e+02
1.087374649313894537e+01,1.688956962352617004e-03,4.832961681199909876e-01,-1.209671172354694207e-01,9.050039643084700174e+02
1.087427612361312335e+01,1.683258297291279244e-03,4.834939466477853887e-01,-1.021819896596487809e-01,9.059844669783600466e+02
1.087480384732292826e+01,1.677585578495435466e-03,4.681289889746513833e-01,-9.029945557465390849e-02,9.069649696482499621e+02
1.087532967364172976e+01,1.671938656264255378e-03,4.482703904973909803e-01,-9.440771871180068942e-02,9.079454723181399913e+02
1.087585361188401123e+01,1.666317381949431560e-03,4.371517016497788455e-01,-1.123529410893697733e-01,9.089259749880300205e+02
1.087637567130582816e+01,1.660721607946393733e-03,4.421578297837740479e-01,-1.330747158459806567e-01,9.099064776579200498e+02
1.087689586110525042e+01,1.655151187685617153e-03,4.595071138500447794e-01,-1.434573466360549165e-01,9.108869803278099653e+02
1.087741419042281876e+01,1.649605975624005363e-03,4.764876386370772710e-01,-1.388571146403571321e-01,9.118674829976999945e+02
1.087793066834196942e+01,1.644085827236370541e-03,4.830916186474565888e-01,-1.265513648695951732e-01,9.128479856675900237e+02
1.087844530388948350e+01,1.638590599006982352e-03,4.797023901456393680e-01,-1.169765435478677118e-01,9.138284883374800529e+02
1.087895810603591507e+01,1.633120148421204638e-03,4.734439068270538953e-01,-1.146234461448875919e-01,9.148089910073699684e+02
1.087946908369601751e+01,1.627674333957213624e-03,4.703570150670831618e-01,-1.165964025714102403e-01,9.157894936772599976e+02
1.087997824572917160e+01,1.622253015077795282e-03,4.704548160305632720e-01,-1.176463637157036807e-01,9.167699963471500268e+02
1.088048560093980299e+01,1.616856052222217285e-03,4.698481316172913869e-01,-1.166479654675827426e-01,9.177504990170400561e+02
1.088099115807780670e+01,1.611483306798187042e-03,4.672580172987706448e-01,-1.166677297675220853e-01,9.187310016869299716e+02
1.088149492583895039e+01,1.606134641173875225e-03,4.655627559076932487e-01,-1.191742923610964039e-01,9.197115043568200008e+02
1.088199691286529358e+01,1.600809918670031235e-03,4.669649396675065733e-01,-1.212573196327945690e-01,9.206920070267100300e+02
1.088249712774558731e+01,1.595509003552158730e-03,4.688180282811590938e-01,-1.193874449552746880e-01,9.216725096965999455e+02
1.088299557901567738e+01,1.590231761022774205e-03,4.659842697063549255e-01,-1.150846929892162807e-01,9.226530123664899747e+02
1.088349227515890583e+01,1.584978057213739296e-03,4.575731686294812750e-01,-1.145592545828637426e-01,9.236335150363800039e+02
1.088398722460650525e+01,1.579747759178662262e-03,4.491659329453515093e-01,-1.220911294868030905e-01,9.246140177062700332e+02
1.088448043573798252e+01,1.574540734885376434e-03,4.480294601579492553e-01,-1.351200948861189799e-01,9.255945203761599487e+02
1.088497191688152554e+01,1.569356853208480913e-03,4.563065266343431237e-01,-1.455636071251573960e-01,9.265750230460499779e+02
1.088546167631436923e+01,1.564195983921969069e-03,4.680797219110198748e-01,-1.469488367557776065e-01,9.275555257159400071e+02
1.088594972226318269e+01,1.559057997691905631e-03,4.750210033779796448e-01,-1.409834245397422192e-01,9.285360283858300363e+02
1.088643606290445121e+01,1.553942766069192453e-03,4.746991789118955030e-01,-1.346781039012218406e-01,9.295165310557199518e+02
1.088692070636484921e+01,1.548850161482384809e-03,4.707177758978009496e-01,-1.326309781856939152e-01,9.304970337256099810e+02
1.088740366072160803e+01,1.543780057230592466e-03,4.672447448040018547e-01,-1.347119288443276997e-01,9.314775363955000103e+02
1.088788493400288893e+01,1.538732327476435196e-03,4.659520430434684335e-01,-1.389888640686405274e-01,9.324580390653900395e+02
1.088836453418814010e+01,1.533706847239068530e-03,4.673035754983030365e-01,-1.443220231911225837e-01,9.334385417352799550e+02
1.088884246920846444e+01,1.528703492387275664e-03,4.723995001456711140e-01,-1.493548327290324385e-01,9.344190444051699842e+02
1.088931874694698188e+01,1.523722139632624831e-03,4.813534671025336276e-01,-1.506608237794158367e-01,9.353995470750600134e+02
1.088979337523917046e+01,1.518762666522688277e-03,4.901200860854852404e-01,-1.447866497197153879e-01,9.363800497449500426e+02
1.089026636187323405e+01,1.513824951434327576e-03,4.917981335136433763e-01,-1.338166293535766882e-01,9.373605524148399581e+02
1.089073771459043805e+01,1.508908873567035109e-03,4.846326099528204256e-01,-1.261435334586903934e-01,9.383410550847299874e+02
1.089120744108546468e+01,1.504014312936347540e-03,4.755059912259901878e-01,-1.273545777937538925e-01,9.393215577546200166e+02
1.089167554900675405e+01,1.499141150367315012e-03,4.720018330377279137e-01,-1.344010306007837052e-01,9.403020604245100458e+02
1.089214204595683810e+01,1.494289267488029113e-03,4.753659386673707576e-01,-1.402188195746039145e-01,9.412825630943999613e+02
1.089260693949268521e+01,1.489458546723212203e-03,4.808981797472176023e-01,-1.405447767260519787e-01,9.422630657642899905e+02
1.089307023712603062e+01,1.484648871287873101e-03,4.833033519089810492e-01,-1.372255950392126111e-01,9.432435684341800197e+02
1.089353194632370325e+01,1.479860125181009381e-03,4.822499244462498669e-01,-1.349422475446648007e-01,9.442240711040700489e+02
1.089399207450796325e+01,1.475092193179380158e-03,4.810656899817232768e-01,-1.350095088199606275e-01,9.452045737739599645e+02
1.089445062905681993e+01,1.470344960831323090e-03,4.810042948760718251e-01,-1.351659633741942035e-01,9.461850764438499937e+02
1.089490761730435864e+01,1.465618314450642737e-03,4.798418664961998648e-01,-1.345529932236923798e-01,9.471655791137400229e+02
1.089536304654105869e+01,1.460912141110546399e-03,4.764284214799942019e-01,-1.363725470258988770e-01,9.481460817836300521e+02
1.089581692401410429e+01,1.456226328637635686e-03,4.749311111124016604e-01,-1.434407808598817669e-01,9.491265844535199676e+02
1.089626925692771131e+01,1.451560765605955329e-03,4.808090502938630606e-01,-1.521846151814376935e-01,9.501070871234099968e+02
1.089672005244342934e+01,1.446915341331097941e-03,4.934573053856705638e-01,-1.550769939349135318e-01,9.510875897933000260e+02
1.089716931768045249e+01,1.442289945864361688e-03,5.055408834800556583e-01,-1.482490474742808872e-01,9.520680924631900552e+02
1.089761705971593209e+01,1.437684469986960428e-03,5.093349997231406689e-01,-1.361694842881939205e-01,9.530485951330799708e+02
1.089806328558526616e+01,1.433098805204284162e-03,5.050367955262867747e-01,-1.279832603964199400e-01,9.540290978029700000e+02
1.089850800228241212e+01,1.428532843740220422e-03,5.004710698225489640e-01,-1.272992010004063701e-01,9.550096004728600292e+02
1.089895121676018697e+01,1.423986478531518796e-03,5.015053231016498581e-01,-1.293763988868660009e-01,9.559901031427499447e+02
1.089939293593055325e+01,1.419459603222209465e-03,5.071499547590941903e-01,-1.277310660180779600e-01,9.569706058126399739e+02
1.089983316666491220e+01,1.414952112158074631e-03,5.119415957198524270e-01,-1.195718401952647059e-01,9.579511084825300031e+02
1.090027191579440924e+01,1.410463900381168749e-03,5.100967899732222754e-01,-1.074169109410840761e-01,9.589316111524200323e+02
1.090070919011020756e+01,1.405994863624385801e-03,4.995744063641476829e-01,-9.769196446391227584e-02,9.599121138223099479e+02
1.090114499636378120e+01,1.401544898306079272e-03,4.837219179399898650e-01,-9.660325003694796020e-02,9.608926164921999771e+02
1.090157934126719574e+01,1.397113901524730476e-03,4.693837179511192725e-01,-1.068688720612117893e-01,9.618731191620900063e+02
1.090201223149338539e+01,1.392701771053661769e-03,4.648614072672221931e-01,-1.264907310736760049e-01,9.628536218319800355e+02
1.090244367367644607e+01,1.388308405335805058e-03,4.772012233215162658e-01,-1.463558440378501802e-01,9.638341245018699510e+02
1.090287367441189126e+01,1.383933703478502399e-03,5.032243918752460354e-01,-1.504038953289470737e-01,9.648146271717599802e+02
1.090330224025694505e+01,1.379577565248374035e-03,5.226178245394870192e-01,-1.312406199796564699e-01,9.657951298416500094e+02
1.090372937773080331e+01,1.375239891066213326e-03,5.177661400796058633e-01,-1.059383514178818125e-01,9.667756325115400386e+02
1.090415509331490540e+01,1.370920582001941296e-03,4.956094736662849942e-01,-9.723669604782923803e-02,9.677561351814299542e+02
1.090457939345320071e+01,1.366619539769596114e-03,4.765161957006109339e-01,-1.113923700349574025e-01,9.687366378513199834e+02
1.090500228455240972e+01,1.362336666722375241e-03,4.778308755563689947e-01,-1.376227497368756048e-01,9.697171405212100126e+02
1.090542377298230292e+01,1.358071865847718367e-03,5.027210636788973508e-01,-1.536890226850846641e-01,9.706976431911000418e+02
1.090584386507593706e+01,1.353825040762433700e-03,5.316950685854644476e-01,-1.430153986882067019e-01,9.716781458609899573e+02
1.090626256712993580e+01,1.349596095707867628e-03,5.404604368795403735e-01,-1.161286207373039281e-01,9.726586485308799865e+02
1.090667988540472777e+01,1.345384935545121223e-03,5.280167714524948153e-01,-9.669295763342306005e-02,9.736391512007700157e+02
1.090709582612481654e+01,1.341191465750303600e-03,5.103003298857945458e-01,-9.514279791333558889e-02,9.746196538706600450e+02
1.090751039547902224e+01,1.337015592409832553e-03,5.015096791279114452e-01,-1.063709136099168923e-01,9.756001565405499605e+02
1.090792359962072844e+01,1.332857222215770967e-03,5.058475064835316060e-01,-1.187081907904758149e-01,9.765806592104399897e+02
1.090833544466814331e+01,1.328716262461212237e-03,5.181172035718066837e-01,-1.235243031898276000e-01,9.775611618803300189e+02
1.090874593670453763e+01,1.324592621035699299e-03,5.309657273344902118e-01,-1.194558850234770236e-01,9.785416645502200481e+02
1.090915508177848103e+01,1.320486206420688974e-03,5.397932678770426262e-01,-1.087343881717863919e-01,9.795221672201099636e+02
