1.022468499204586934e+00,8.301840045582196126e+00,4.417472286828695305e-01,3.113578735902814421e-01,3.578834745098499752e+02
1.287890478878596312e+00,8.384509398285736381e+00,4.285243867039308929e-01,3.222807716806409539e-01,3.588639771797400044e+02
1.550961086613841466e+00,8.481497566232288676e+00,4.218555678803943554e-01,3.169171428317240080e-01,3.598444798496299768e+02
1.811157949997939109e+00,8.593188305137594796e+00,4.211394258114020683e-01,3.094509346379964443e-01,3.608249825195200060e+02
2.067907442520471761e+00,8.719990556386102654e+00,4.223295544903749033e-01,3.017001857324859149e-01,3.618054851894099784e+02
2.320574223661970414e+00,8.862336959657959312e+00,4.250064123434933450e-01,2.910012054773326584e-01,3.627859878593000076e+02
2.568450020118302923e+00,9.020680915640017616e+00,4.364394018040587131e-01,2.771068333045513254e-01,3.637664905291899800e+02
2.810741662621546233e+00,9.195491985240916932e+00,4.580676200068034554e-01,2.738177055946449112e-01,3.647469931990800092e+02
3.046558420233044018e+00,9.387249359067286747e+00,4.744203091559405783e-01,2.839142202732807263e-01,3.657274958689699815e+02
3.274898717404317594e+00,9.596433075067709595e+00,4.807699482797361812e-01,2.971237350336061178e-01,3.667079985388600107e+02
3.494636381800868108e+00,9.823512605111885065e+00,4.798828438562489640e-01,3.082348245898451911e-01,3.676885012087499831e+02
3.704506656744817494e+00,1.006893237585320477e+01,4.739279967275178418e-01,3.143490671495144384e-01,3.686690038786400123e+02
3.903092325492428127e+00,1.033309374010328519e+01,4.689818833351577787e-01,3.129459684150087684e-01,3.696495065485299847e+02
4.088810439917238249e+00,1.061633287883655896e+01,4.688046844853313022e-01,3.121579535094882729e-01,3.706300092184200139e+02
4.259900327629234873e+00,1.091889410029323670e+01,4.658137284900046859e-01,3.129860493225402607e-01,3.716105118883099863e+02
4.414413771982447443e+00,1.124089802429197427e+01,4.591547524011381221e-01,3.101093757884546553e-01,3.725910145582000155e+02
4.550208519100411131e+00,1.158230421355267303e+01,4.509557882374847226e-01,2.987994273925519972e-01,3.735715172280899878e+02
4.664946560856588320e+00,1.194286796053000188e+01,4.510885158857997901e-01,2.710933334494327607e-01,3.745520198979800170e+02
4.756098961660773838e+00,1.232209118288150762e+01,4.935605177013311362e-01,2.494629453682953302e-01,3.755325225678699894e+02
4.820959318917484637e+00,1.271916775091853147e+01,5.142296035554704270e-01,2.800346481133005883e-01,3.765130252377600186e+02
4.856668237628595008e+00,1.313292409398584581e+01,5.082534709832901010e-01,2.860523932965613469e-01,3.774935279076499910e+02
4.860251407337617735e+00,1.356175663286162525e+01,5.144163591903987420e-01,2.801951347976517903e-01,3.784740305775400202e+02
4.828673923478794983e+00,1.400356847314397335e+01,5.307908043392488562e-01,2.806641611620663834e-01,3.794545332474299926e+02
4.758913304576680048e+00,1.445570885907399905e+01,5.459077946123847003e-01,2.929913250145496084e-01,3.804350359173200218e+02
4.648053115622630571e+00,1.491492008186556362e+01,5.498887923144843981e-01,3.116586051905479993e-01,3.814155385872099941e+02
4.493398106036722517e+00,1.537729776527360848e+01,5.396318150174517214e-01,3.259595317530712411e-01,3.823960412571000234e+02
4.292610213643451189e+00,1.583827155564509326e+01,5.197754854242380151e-01,3.215584844914387563e-01,3.833765439269899957e+02
4.043862626543762495e+00,1.629261399835252888e+01,5.184106492688005385e-01,2.873010897529978402e-01,3.843570465968800249e+02
3.746006371604789109e+00,1.673448550275028879e+01,5.645234249712833829e-01,2.704382430045311203e-01,3.853375492667699973e+02
3.398740779592405836e+00,1.715752247081368864e+01,5.987983312752357401e-01,2.999063478358380275e-01,3.863180519366600265e+02
3.002775993819516653e+00,1.755497360749270186e+01,6.024055213921030161e-01,3.320247381868609016e-01,3.872985546065499989e+02
2.559972943262081913e+00,1.791988597557887530e+01,5.926412942456673605e-01,3.512873678569370939e-01,3.882790572764400281e+02
2.073444526583973602e+00,1.824533755165778004e+01,5.811054676692247734e-01,3.570024803467913288e-01,3.892595599463300005e+02
1.547601818870164347e+00,1.852470723408697850e+01,5.765540486588962565e-01,3.528385757968528491e-01,3.902400626162199728e+02
9.881314639265559308e-01,1.875196714585236180e+01,5.836024381840396735e-01,3.478223053105252704e-01,3.912205652861100020e+02
4.018952855778445965e-01,1.892197666019379909e+01,5.979549606733334244e-01,3.520273219477251248e-01,3.922010679559999744e+02
-2.032497050336781186e-01,1.903075399159846270e+01,6.079844139743669773e-01,3.682173019214355358e-01,3.931815706258900036e+02
-8.187041174464591009e-01,1.907570046057272251e+01,6.034324817609035829e-01,3.871204592077586160e-01,3.941620732957799760e+02
-1.435436228130792635e+00,1.905575526770164885e+01,5.871107147133398652e-01,3.922044678720032485e-01,3.951425759656700052e+02
-2.044326262042368114e+00,1.897146475844154878e+01,5.781490595138627508e-01,3.748306020169329678e-01,3.961230786355599776e+02
-2.636517269861321289e+00,1.882495894183294638e+01,6.036715403043065864e-01,3.499016375143365054e-01,3.971035813054500068e+02
-3.203744052979464740e+00,1.861983804341799242e+01,6.568063646602984029e-01,3.745032844349251988e-01,3.980840839753399791e+02
-3.738614596903373055e+00,1.836098142397532129e+01,6.507751648443445003e-01,4.334072633564852728e-01,3.990645866452300083e+02
-4.234824783315183083e+00,1.805429869479409888e+01,6.169226850957310049e-01,4.496892148812815515e-01,4.000450893151199807e+02
-4.687295516341174917e+00,1.770644721276872957e+01,5.978695569815204447e-01,4.429529003253560582e-01,4.010255919850100099e+02
-5.092230284203207447e+00,1.732454096160971346e+01,5.936768591268668516e-01,4.324128764494364896e-01,4.020060946548999823e+02
-5.447099140494604086e+00,1.691587345296425227e+01,5.997707439565809207e-01,4.252638075385326566e-01,4.029865973247900115e+02
-5.750561083794664796e+00,1.648767258244496503e+01,6.117639761903637119e-01,4.256457966580137753e-01,4.039670999946799839e+02
-6.002340341022698311e+00,1.604689947084514756e+01,6.233210085360353370e-01,4.356573476630033470e-01,4.049476026645700131e+02
-6.203073151696985477e+00,1.560009729727679861e+01,6.271201714162926155e-01,4.519009692738756856e-01,4.059281053344599854e+02
-6.354140736608009377e+00,1.515329083532907362e+01,6.216088699830396580e-01,4.656053403085895770e-01,4.069086080043500147e+02
-6.457501853997218433e+00,1.471193334540140896e+01,6.131819279221832897e-01,4.713030259743449801e-01,4.078891106742399870e+02
-6.515535370598815490e+00,1.428089483386465908e+01,6.084495533186824456e-01,4.708432967721531415e-01,4.088696133441300162e+02
-6.530900181992022269e+00,1.386448438030038588e+01,6.099997538262420527e-01,4.689180138986308588e-01,4.098501160140199886e+02
-6.506417027619697535e+00,1.346649901400434857e+01,6.172920455494985692e-01,4.705830935424799022e-01,4.108306186839100178e+02
-6.444974514334957050e+00,1.309029217837862369e+01,6.256179899339431305e-01,4.801082068343250353e-01,4.118111213537999902e+02
-6.349460100499305426e+00,1.273885584642592050e+01,6.271389693411131283e-01,4.955771020052310294e-01,4.127916240236900194e+02
-6.222715912828547857e+00,1.241491157367632248e+01,6.198329201670704780e-01,5.085067359380854857e-01,4.137721266935799918e+02
-6.067519026910646929e+00,1.212100698323486370e+01,6.092800705440910569e-01,5.135481219761035554e-01,4.147526293634700210e+02
-5.886586177276416976e+00,1.185961520664518787e+01,6.014820930780495623e-01,5.108379101274298506e-01,4.157331320333599933e+02
-5.682603718835656181e+00,1.163323551726232807e+01,6.016434382645495793e-01,5.022497007721125062e-01,4.167136347032500225e+02
-5.458285003734385299e+00,1.144449365029625909e+01,6.188630281077223128e-01,4.938813947058786624e-01,4.176941373731399949e+02
-5.216459151771472236e+00,1.129623992343237404e+01,6.539994777693238781e-01,5.186930966449211367e-01,4.186746400430300241e+02
-4.960197465447100384e+00,1.119164197882089695e+01,6.334014083900074699e-01,5.714009528682951755e-01,4.196551427129199965e+02
-4.692986413027840698e+00,1.113426632985191667e+01,5.963700326653742501e-01,5.726800856257144856e-01,4.206356453828100257e+02
-4.418958969155861283e+00,1.112813825071320473e+01,5.829693899754196940e-01,5.604072610233896690e-01,4.216161480526999981e+02
-4.143198619103305447e+00,1.117776192023408299e+01,5.831092769421094557e-01,5.524831567507286767e-01,4.225966507225900273e+02
-3.872131269158720634e+00,1.128807080849981226e+01,5.885087907765984561e-01,5.546728978112689390e-01,4.235771533924799996e+02
-3.614017147711072298e+00,1.146426054714689613e+01,5.863209402984436158e-01,5.669265790051913889e-01,4.245576560623699720e+02
-3.379542810152220689e+00,1.171143177828413329e+01,5.712919109423207908e-01,5.727489981314313194e-01,4.255381587322600012e+02
-3.182484469832524532e+00,1.203393946626510314e+01,5.593170343055351434e-01,5.656286869601185874e-01,4.265186614021499736e+02
-3.040355708486464081e+00,1.243431399133761062e+01,5.569430300001887435e-01,5.557853234728613590e-01,4.274991640720400028e+02
-2.974849896911367253e+00,1.291160601667286123e+01,5.611227365789828170e-01,5.495992571816032957e-01,4.284796667419299752e+02
-3.011730181472310086e+00,1.345905107692730951e+01,5.672607016809548819e-01,5.498428940137303211e-01,4.294601694118200044e+02
-3.179624870212427012e+00,1.406111962432251161e+01,5.687866105978032216e-01,5.549144183552453535e-01,4.304406720817099767e+02
-3.507041230146914046e+00,1.469039949628570163e+01,5.650018223886177360e-01,5.567773568943918949e-01,4.314211747516000059e+02
-4.017024554963590788e+00,1.530538490328689250e+01,5.624554869016878955e-01,5.538609492291335368e-01,4.324016774214899783e+02
-4.719575809490640594e+00,1.585094487323618928e+01,5.627423414593764051e-01,5.493075979908500495e-01,4.333821800913800075e+02
-5.603393230878568332e+00,1.626345115642611816e+01,5.655863702642447421e-01,5.434985315505542758e-01,4.343626827612699799e+02
-6.630290182105383678e+00,1.648140932158858263e+01,5.733689082646151736e-01,5.369262715356130089e-01,4.353431854311600091e+02
-7.736346161197849014e+00,1.645960760282985902e+01,5.865654160129190053e-01,5.353980619612364045e-01,4.363236881010499815e+02
-8.841827556369526775e+00,1.618159427464732403e+01,5.971380502494292308e-01,5.401381806789695705e-01,4.373041907709400107e+02
-9.867377885605405297e+00,1.566454438014159578e+01,6.034676521975927965e-01,5.435740260840420390e-01,4.382846934408299830e+02
-1.075004004228474130e+01,1.495394045498635549e+01,6.108225187052472860e-01,5.422998073836036159e-01,4.392651961107200123e+02
-1.145278401824929837e+01,1.411087450572524915e+01,6.258656638425534879e-01,5.376176178809317641e-01,4.402456987806099846e+02
-1.196526966883762455e+01,1.319796647823768510e+01,6.550695208069816644e-01,5.397480546643570465e-01,4.412262014505000138e+02
-1.229804415964517617e+01,1.226897081539308942e+01,6.839580106903513368e-01,5.676446768470249093e-01,4.422067041203899862e+02
-1.247424925514568983e+01,1.136389870143470304e+01,6.828664287316867920e-01,6.000039268007556492e-01,4.431872067902800154e+02
-1.252211735697352069e+01,1.050871999203639184e+01,6.756389843770804760e-01,6.063789005966297996e-01,4.441677094601699878e+02
-1.246973972454464175e+01,9.717651356033021770e+00,6.903785062993903487e-01,6.015563611300354108e-01,4.451482121300600170e+02
-1.234217134233100666e+01,8.996285483203969591e+00,7.269898927759146368e-01,6.152844611064218761e-01,4.461287147999499894e+02
-1.216028384750539715e+01,8.344520822009252825e+00,7.532109641430617675e-01,6.607528351389018173e-01,4.471092174698400186e+02
-1.194068267260977301e+01,7.758868515981309777e+00,7.478780255655770315e-01,7.083478095823128040e-01,4.480897201397299909e+02
-1.169615529312766711e+01,7.234083037901420710e+00,7.294288940114840303e-01,7.342459736454407526e-01,4.490702228096200201e+02
-1.143631197824776891e+01,6.764225103535180139e+00,7.202834286171535538e-01,7.405327202729758973e-01,4.500507254795099925e+02
-1.116823546824237923e+01,6.343305501944173308e+00,7.348941284399410634e-01,7.435048819402233500e-01,4.510312281494000217e+02
-1.089705640795755492e+01,5.965643704223649202e+00,7.667390468887036459e-01,7.712551229856048352e-01,4.520117308192899941e+02
-1.062642794229832610e+01,5.626043727732665367e+00,7.811636015452372295e-01,8.260793577637628449e-01,4.529922334891800233e+02
-1.035890087246811753e+01,5.319858977681405143e+00,7.708043427539449377e-01,8.782785608400052180e-01,4.539727361590699957e+02
-1.009621234721009309e+01,5.042993397403898292e+00,7.526376038470028451e-01,9.183961130691229435e-01,4.549532388289600249e+02
-9.839504147733736161e+00,4.791868808845551442e+00,7.347778567882442546e-01,9.520852537711179675e-01,4.559337414988499972e+02
-9.589485811816006233e+00,4.563376586687660996e+00,7.166592048774564905e-01,9.832614834004553828e-01,4.569142441687400265e+02
-9.346555566838812723e+00,4.354824238396322045e+00,6.989495338216993314e-01,1.010694071552475259e+00,4.578947468386299988e+02
-9.110889483791119403e+00,4.163882734780194994e+00,6.863556484353077192e-01,1.038311642390215894e+00,4.588752495085200280e+02
-8.882506930397697786e+00,3.988537567495642477e+00,6.743337875702957174e-01,1.074805344442315791e+00,4.598557521784100004e+02
-8.661318459619739230e+00,3.827044821934110885e+00,6.503162486584488367e-01,1.119444976990451313e+00,4.608362548482999728e+02
-8.447160732774106506e+00,3.677892597302698352e+00,6.064935934284828578e-01,1.156880713697915342e+00,4.618167575181900020e+02
-8.239821895618215208e+00,3.539767592683905839e+00,5.574502248287718231e-01,1.169083188576267140e+00,4.627972601880799743e+02
-8.039059935016764413e+00,3.411526427825388730e+00,5.275928746755629284e-01,1.164605927382287520e+00,4.637777628579700036e+02
-7.844615879678643822e+00,3.292171168979447060e+00,5.185885018853459982e-01,1.166840076999579701e+00,4.647582655278599759e+02
-7.656223216811717691e+00,3.180828515693406189e+00,5.143155439540465501e-01,1.188042385490829744e+00,4.657387681977500051e+02
-7.473614534123253605e+00,3.076732133738452557e+00,4.945642403297730860e-01,1.221998314273281760e+00,4.667192708676399775e+02
-7.296526130016722789e+00,2.979207668820894384e+00,4.564982747168149224e-01,1.243724643237376082e+00,4.676997735375300067e+02
-7.124701138918007715e+00,2.887660032005697541e+00,4.253315865077026969e-01,1.243636713871686839e+00,4.686802762074199791e+02
-6.957891574655844735e+00,2.801562603662173245e+00,4.161484712870872071e-01,1.240019673784620746e+00,4.696607788773100083e+02
-6.795859588891230985e+00,2.720448054585870246e+00,4.248051265671226595e-01,1.251408847690512305e+00,4.706412815471999807e+02
-6.638378163577415947e+00,2.643900529203087491e+00,4.355785782440297904e-01,1.292465398194979631e+00,4.716217842170900099e+02
-6.485231398902083555e+00,2.571548976030592737e+00,4.138731946820620733e-01,1.357285737940943537e+00,4.726022868869799822e+02
-6.336214515674933878e+00,2.503061445059184820e+00,3.564966282747610293e-01,1.397250066734480267e+00,4.735827895568700114e+02
-6.191133659702446224e+00,2.438140200967979787e+00,3.092617568246031068e-01,1.405434234339797861e+00,4.745632922267599838e+02
-6.049805572423370137e+00,2.376517525679120890e+00,2.825677365389742679e-01,1.410053673339535019e+00,4.755437948966500130e+02
-5.912057174832604289e+00,2.317952104366971966e+00,2.670209963282662580e-01,1.423273295400784733e+00,4.765242975665399854e+02
-5.777725098928479852e+00,2.262225906238420681e+00,2.547532938974926831e-01,1.448252552523728198e+00,4.775048002364300146e+02
-5.646655191428408216e+00,2.209141485738524313e+00,2.386401499785016644e-01,1.485171079481892420e+00,4.784853029063199870e+02
-5.518702007459307168e+00,2.158519641775042519e+00,2.127218464252507157e-01,1.530680029549206012e+00,4.794658055762100162e+02
-5.393728306714489662e+00,2.110197382496879381e+00,1.736593008473726885e-01,1.579496965731815861e+00,4.804463082460999885e+02
-5.271604560712056298e+00,2.064026151442460044e+00,1.204507828179341850e-01,1.624640912509922819e+00,4.814268109159900177e+02
-5.152208476946659843e+00,2.019870277778353707e+00,5.813438390768877612e-02,1.657312303455120484e+00,4.824073135858799901e+02
-5.035424543638145067e+00,1.977605619110785584e+00,2.167098506767658334e-03,1.676507776782661052e+00,4.833878162557700193e+02
-4.921143597257506386e+00,1.937118370169666592e+00,-3.873656764406484265e-02,1.703083204366505843e+00,4.843683189256599917e+02
-4.809262413907315903e+00,1.898304014697012709e+00,-8.789931533216929771e-02,1.753314157888728353e+00,4.853488215955500209e+02
-4.699683324845484123e+00,1.861066401253712810e+00,-1.670360078289133132e-01,1.808453152980046053e+00,4.863293242654399933e+02
-4.592313855885626239e+00,1.825316926499901404e+00,-2.686933314663737526e-01,1.846265292456088503e+00,4.873098269353300225e+02
-4.487066390025958640e+00,1.790973811896466872e+00,-3.764067917553964859e-01,1.863331804397648561e+00,4.882903296052199948e+02
-4.383857852405084188e+00,1.757961461792872715e+00,-4.825908033244706852e-01,1.868056532799262648e+00,4.892708322751100241e+02
-4.282609416524318036e+00,1.726209892572146298e+00,-5.915802144806474594e-01,1.866869950486490293e+00,4.902513349449999964e+02
-4.183246230586131986e+00,1.695654223968415586e+00,-7.092779007426064375e-01,1.854505355203624362e+00,4.912318376148900256e+02
-4.085697162758631151e+00,1.666234224898587746e+00,-8.288325616684146802e-01,1.822984568627008528e+00,4.922123402847799980e+02
-3.989894564171331481e+00,1.637893907192582432e+00,-9.407540841032071555e-01,1.779100347680870886e+00,4.931928429546700272e+02
-3.895774048468602757e+00,1.610581161495512337e+00,-1.052737593543940253e+00,1.732617572426794705e+00,4.941733456245599996e+02
-3.803274286784482427e+00,1.584247430374296606e+00,-1.178562770409547600e+00,1.672711086746960785e+00,4.951538482944499719e+02
-3.712336817051720139e+00,1.558847414311054669e+00,-1.306654662174393966e+00,1.574935236703037367e+00,4.961343509643400012e+02
-3.622905866613503889e+00,1.534338806822847623e+00,-1.401452892088316027e+00,1.444256258053497222e+00,4.971148536342299735e+02
-3.534928187165419899e+00,1.510682055426213255e+00,-1.455426605506789262e+00,1.318052023619464386e+00,4.980953563041200027e+02
-3.448352901116237490e+00,1.487840145577371320e+00,-1.496296772579382983e+00,1.216268731226488597e+00,4.990758589740099751e+02
-3.363131358515987657e+00,1.465778405074704693e+00,-1.552585120053449952e+00,1.127137866893925366e+00,5.000563616439000043e+02
-3.279217003759126392e+00,1.444464326717785463e+00,-1.631247452097559503e+00,1.016894890170597421e+00,5.010368643137899767e+02
-3.196565251326926038e+00,1.423867407283542885e+00,-1.695891749171521301e+00,8.580437646205193447e-01,5.020173669836800059e+02
-3.115133369887656656e+00,1.403959001111496407e+00,-1.702928797396053628e+00,6.849398010427421024e-01,5.029978696535699783e+02
-3.034880374123728686e+00,1.384712186790870936e+00,-1.677024076637642747e+00,5.436804821501786122e-01,5.039783723234600075e+02
-2.955766923703406768e+00,1.366101645617625815e+00,-1.654778137639409508e+00,4.238489008530036406e-01,5.049588749933499798e+02
-2.877755228858983827e+00,1.348103550642142379e+00,-1.636371996869845802e+00,2.999530102315815516e-01,5.059393776632400090e+02
-2.800808962075495678e+00,1.330695465261969135e+00,-1.601966192397890509e+00,1.664035437941389639e-01,5.069198803331299814e+02
-2.724893175432223202e+00,1.313856250430939454e+00,-1.541374572159047274e+00,4.210811441893829582e-02,5.079003830030200106e+02
-2.649974223175457055e+00,1.297565979658668045e+00,-1.472449002117352190e+00,-5.769847536069428601e-02,5.088808856729099830e+02
-2.576019689133613788e+00,1.281805861064567509e+00,-1.414029892517769227e+00,-1.472390645792154562e-01,5.098613883428000122e+02
-2.502998318616590723e+00,1.266558165829964056e+00,-1.357230386256643051e+00,-2.476887808398991475e-01,5.108418910126899846e+02
-2.430879954468974091e+00,1.251806162461857941e+00,-1.278608228006265168e+00,-3.571112049058486893e-01,5.118223936825800138e+02
-2.359635476972683499e+00,1.237534056343733369e+00,-1.170925208194379508e+00,-4.522554397808038473e-01,5.128028963524700430e+02
-2.289236747318229348e+00,1.223726934103505304e+00,-1.050664348419885208e+00,-5.176121814046106273e-01,5.137833990223599585e+02
-2.219656554385389668e+00,1.210370712377146329e+00,-9.348884357362963193e-01,-5.576524865319503199e-01,5.147639016922499877e+02
-2.150868564594423660e+00,1.197452090589615326e+00,-8.290094945562861417e-01,-5.828484990235043295e-01,5.157444043621400169e+02
-2.082847274606693944e+00,1.184958507412851691e+00,-7.320590335075816135e-01,-6.012855776150803910e-01,5.167249070320300461e+02
-2.015567966670898770e+00,1.172878100594751949e+00,-6.383702897362951711e-01,-6.193193690965141940e-01,5.177054097019199617e+02
-1.949006666426089218e+00,1.161199669883329788e+00,-5.361975047515479265e-01,-6.344929721885205209e-01,5.186859123718099909e+02
-1.883140102987171716e+00,1.149912642797463080e+00,-4.246053437544625164e-01,-6.305716121034066202e-01,5.196664150417000201e+02
-1.817945671151103504e+00,1.139007043019825360e+00,-3.201290936076903182e-01,-6.017106362946409437e-01,5.206469177115900493e+02
-1.753401395574220700e+00,1.128473461209402284e+00,-2.329750818477910879e-01,-5.580223071731758022e-01,5.216274203814799648e+02
-1.689485896781881991e+00,1.118303028050508852e+00,-1.619356839626908684e-01,-5.091594235377095989e-01,5.226079230513699940e+02
-1.626178358881656294e+00,1.108487389372780907e+00,-1.019756757970514960e-01,-4.583943568075737884e-01,5.235884257212600232e+02
-1.563458498860335943e+00,1.099018683192409807e+00,-5.068472860675982128e-02,-4.027889704996453490e-01,5.245689283911500524e+02
-1.501306537353664261e+00,1.089889518539215230e+00,-1.518829280554155614e-02,-3.402947769094326613e-01,5.255494310610399680e+02
-1.439703170785168851e+00,1.081092955947001721e+00,-1.098496178723128332e-03,-2.844781631100675723e-01,5.265299337309299972e+02
-1.378629544777860261e+00,1.072622489496400044e+00,6.479136810863104882e-03,-2.448103332607594607e-01,5.275104364008200264e+02
-1.318067228748676989e+00,1.064472030309948192e+00,1.779965822077246920e-02,-2.115236316107826919e-01,5.284909390707100556e+02
-1.257998191601940263e+00,1.056635891408889139e+00,2.891423868373797085e-02,-1.756285471464249792e-01,5.294714417405999711e+02
-1.198404778443215690e+00,1.049108773849936949e+00,3.136287590149250404e-02,-1.377001446013146335e-01,5.304519444104900003e+02
-1.139269688240333700e+00,1.041885754068350378e+00,2.274507068547037061e-02,-1.073170002694519010e-01,5.314324470803800295e+02
-1.080575952362639036e+00,1.034962272361013236e+00,1.307625973778603345e-02,-9.108847884861420718e-02,5.324129497502699451e+02
-1.022306913933973327e+00,1.028334122450048183e+00,1.297109862725917898e-02,-8.154860357787162284e-02,5.333934524201599743e+02
-9.644462079388258502e-01,1.021997442073756757e+00,1.995535251185699688e-02,-6.621139095299585775e-02,5.343739550900500035e+02
-9.069777420244751198e-01,1.015948704557463111e+00,2.201216113179717618e-02,-4.203826181985245714e-02,5.353544577599400327e+02
-8.498856779454282417e-01,1.010184711322278828e+00,1.115064139782934866e-02,-1.866108440838456020e-02,5.363349604298299482e+02
-7.931544135993293665e-01,1.004702585294796391e+00,-7.544836243177662979e-03,-7.623037854331569940e-03,5.373154630997199774e+02
-7.367685656064493216e-01,9.994997651854996557e-01,-2.205232216044809498e-02,-1.023966450080036200e-02,5.382959657696100066e+02
-6.807129523871697785e-01,9.945740006080657780e-01,-2.517964766824914297e-02,-1.819029751965037245e-02,5.392764684395000359e+02
-6.249725776944154987e-01,9.899233480160066767e-01,-1.888103646518910633e-02,-2.200301032179222474e-02,5.402569711093899514e+02
-5.695326145599839407e-01,9.855461674370662450e-01,-1.042622997562151974e-02,-1.811832638412673099e-02,5.412374737792799806e+02
-5.143783896158042879e-01,9.814411199896674320e-01,-5.340095582246393024e-03,-9.192457254457195998e-03,5.422179764491700098e+02
-4.594953677527344738e-01,9.776071661693812587e-01,-4.896382468505408418e-03,9.375784957947721002e-04,5.431984791190600390e+02
-4.048691370813779500e-01,9.740435648970036109e-01,-8.763067006277869969e-03,9.727513712833439977e-03,5.441789817889499545e+02
-3.504853941607155576e-01,9.707498733233295152e-01,-1.595563688990321236e-02,1.437994127227460589e-02,5.451594844588399837e+02
-2.963299294618257917e-01,9.677259473891678399e-01,-2.241452022525284790e-02,1.277525331262973143e-02,5.461399871287300130e+02
-2.423886130351489143e-01,9.649719431425644034e-01,-2.332230416093072911e-02,7.988352535069890084e-03,5.471204897986200422e+02
-1.886473803509112201e-01,9.624883188186056371e-01,-1.926104088482308296e-02,5.743436766173986435e-03,5.481009924685099577e+02
-1.350922182833533824e-01,9.602758376906113114e-01,-1.510003760610974070e-02,8.121400447364666986e-03,5.490814951383999869e+02
-8.170915121047261920e-02,9.583355717049857336e-01,-1.483527897110954036e-02,1.189883480864113718e-02,5.500619978082900161e+02
-2.848422720162435695e-02,9.566689059155224495e-01,-1.695516005706492260e-02,1.196279513038179393e-02,5.510425004781800453e+02
2.459649573356426089e-02,9.552775437365826905e-01,-1.590924483261023717e-02,7.926838917380265789e-03,5.520230031480699608e+02
7.754696336104149879e-02,9.541635130382816188e-01,-8.895019044771242805e-03,4.665118012541930384e-03,5.530035058179599901e+02
1.303811389280831179e-01,9.533291731106927624e-01,1.690299825603233923e-03,7.364364153334021675e-03,5.539840084878500193e+02
1.831130168836105909e-01,9.527772225281008200e-01,9.800396886996954465e-03,1.778741510985433136e-02,5.549645111577400485e+02
2.357566366370207334e-01,9.525107079485536365e-01,9.404827104094633239e-03,3.172285885486096635e-02,5.559450138276299640e+02
2.883260963788965014e-01,9.525330338884024917e-01,6.773766151459480016e-04,4.109272736601038423e-02,5.569255164975199932e+02
3.408355669862794812e-01,9.528479735162108666e-01,-9.796049848557098969e-03,4.197033179857555946e-02,5.579060191674100224e+02
3.932993060347849124e-01,9.534596805153924270e-01,-1.622164180820684018e-02,3.683745693039307961e-02,5.588865218373000516e+02
4.457316719389439186e-01,9.543727020702188479e-01,-1.684396198245488238e-02,3.034867751272706318e-02,5.598670245071899672e+02
4.981471382417650418e-01,9.555919930355127878e-01,-1.331061126269472705e-02,2.664776411479991003e-02,5.608475271770799964e+02
5.505603080735150812e-01,9.571229313563780483e-01,-1.010328004290848847e-02,2.716705245175358649e-02,5.618280298469700256e+02
6.029859287992458405e-01,9.589713348108263036e-01,-1.090864415016127090e-02,2.820930830822188096e-02,5.628085325168600548e+02
6.554389068734454149e-01,9.611434791551470846e-01,-1.344943474324678326e-02,2.446322914554368427e-02,5.637890351867499703e+02
7.079343229193644227e-01,9.636461177594103367e-01,-1.132225397272553988e-02,1.568688801058723895e-02,5.647695378566399995e+02
7.604874470493001581e-01,9.664865028286220294e-01,-3.885151323664084999e-04,7.848876743544973278e-03,5.657500405265300287e+02
8.131137544409785534e-01,9.696724083138774652e-01,1.675534312473198756e-02,9.115105664778140604e-03,5.667305431964199443e+02
8.658289411834609872e-01,9.732121546273925228e-01,3.036004939133380917e-02,2.315728505646928032e-02,5.677110458663099735e+02
9.186489404042395002e-01,9.771146352856481254e-01,3.009775821701309723e-02,4.301027409609655544e-02,5.686915485362000027e+02
9.715899386872539623e-01,9.813893456161562057e-01,1.655115517663611341e-02,5.504475918883877661e-02,5.696720512060900319e+02
1.024668392788817606e+00,9.860464136755713316e-01,1.104823379288338587e-03,5.329778063824271161e-02,5.706525538759799474e+02
1.077901046655866946e+00,9.910966335402339178e-01,-7.349595166907172544e-03,4.272841342961312960e-02,5.716330565458699766e+02
1.131304948747191119e+00,9.965515011447272364e-01,-7.291569340003278485e-03,3.010672052909538210e-02,5.726135592157600058e+02
1.184897469654736746e+00,1.002423252859917069e+00,-1.780185025163300364e-04,1.963828885530173249e-02,5.735940618856500350e+02
1.238696320017052432e+00,1.008724907019223904e+00,1.189920171417649386e-02,1.474353577238457155e-02,5.745745645555399506e+02
1.292719568711715894e+00,1.015470308620809226e+00,2.376985960257542441e-02,1.819306317245393545e-02,5.755550672254299798e+02
1.346985661306967952e+00,1.022674177454014011e+00,2.841847921587056791e-02,2.644367716928058137e-02,5.765355698953200090e+02
1.401513438745593199e+00,1.030352159921046118e+00,2.582040564494915424e-02,3.129068709522567215e-02,5.775160725652100382e+02
1.456322156224965969e+00,1.038520884849648329e+00,2.206457772627859817e-02,2.889435472382237066e-02,5.784965752350999537e+02
1.511431502227299273e+00,1.047198023619644314e+00,2.381084011692629482e-02,2.104007589505920567e-02,5.794770779049899829e+02
1.566861617641832627e+00,1.056402354955956469e+00,3.474000880021235749e-02,1.580625690716963919e-02,5.804575805748800121e+02
1.622633114907188201e+00,1.066153834773341025e+00,4.652371198397696472e-02,2.258044021418953440e-02,5.814380832447700413e+02
1.678767097085441140e+00,1.076473671493793027e+00,4.536696046395249926e-02,3.426679802275684611e-02,5.824185859146599569e+02
1.735285176760851922e+00,1.087384407296836830e+00,3.435883167009839978e-02,3.531838949982695625e-02,5.833990885845499861e+02
1.792209494633907330e+00,1.098910005805943335e+00,2.778567605713130884e-02,2.199993269211479585e-02,5.843795912544400153e+02
1.849562737655767286e+00,1.111075946761600042e+00,3.669147965437023068e-02,4.127837936041124471e-03,5.853600939243300445e+02
1.907368156518237434e+00,1.123909328283414943e+00,5.855099358848050994e-02,-2.608988597786833941e-03,5.863405965942199600e+02
1.965649582279489938e+00,1.137438977380594851e+00,7.802226597394329444e-02,7.493550961577001047e-03,5.873210992641099892e+02
2.024431441865186088e+00,1.151695569432634514e+00,8.301992265063298793e-02,2.474314024649236152e-02,5.883016019340000184e+02
2.083738772137567974e+00,1.166711757430735075e+00,7.419670974669262398e-02,3.484908285366958292e-02,5.892821046038900477e+02
2.143597232169848432e+00,1.182522311845700447e+00,6.304551709341618682e-02,2.898457544825027571e-02,5.902626072737799632e+02
2.204033113299429747e+00,1.199164272070710524e+00,6.576728537812578934e-02,1.171225606528934760e-02,5.912431099436699924e+02
2.265073346458706283e+00,1.216677110477888402e+00,8.677295553100035364e-02,2.823133203590798973e-03,5.922236126135600216e+02
2.326745506195583069e+00,1.235102910226824946e+00,1.076256030368799577e-01,1.518509450253480511e-02,5.932041152834500508e+02
2.389077810694481663e+00,1.254486558071771229e+00,1.098068417760401649e-01,3.695488306821481661e-02,5.941846179533399663e+02
2.452099116990836603e+00,1.274875953532950357e+00,9.504462170876534777e-02,4.851492741740497106e-02,5.951651206232299955e+02
2.515838910434500697e+00,1.296322235926998134e+00,7.875956201428734038e-02,4.158672090631354568e-02,5.961456232931200248e+02
2.580327287297496497e+00,1.318880030892863653e+00,7.540640316624308559e-02,2.342270831204626771e-02,5.971261259630100540e+02
2.645594929234333037e+00,1.342607718202997402e+00,8.647496213246219643e-02,9.187682497366730233e-03,5.981066286328999695e+02
2.711673068085254990e+00,1.367567722816315001e+00,1.001366540510030129e-01,6.178209659110277252e-03,5.990871313027899987e+02
2.778593439257966313e+00,1.393826831309442404e+00,1.074486237940579791e-01,6.765878724996013220e-03,6.000676339726800279e+02
2.846388221626315662e+00,1.421456536016754812e+00,1.132489058263243809e-01,2.834165453106752240e-03,6.010481366425699434e+02
2.915089961536930119e+00,1.450533409417460007e+00,1.250639999550648973e-01,-2.383758082980200546e-03,6.020286393124599726e+02
2.984731478108906710e+00,1.481139511529269148e+00,1.419868502248300690e-01,-6.984591487839888341e-04,6.030091419823500019e+02
3.055345746537410534e+00,1.513362833302236643e+00,1.554070714474376502e-01,1.138747704315242956e-02,6.039896446522400311e+02
3.126965755556934567e+00,1.547297779251094685e+00,1.561481004803071115e-01,2.736488483301486099e-02,6.049701473221299466e+02
3.199624334571196993e+00,1.583045692817632411e+00,1.453453764473470466e-01,3.374036301897571921e-02,6.059506499920199758e+02
3.273353945197150505e+00,1.620715428211848996e+00,1.368038299117000922e-01,2.454164958713617520e-02,6.069311526619100050e+02
3.348186431082484926e+00,1.660423972736433385e+00,1.426325359698883966e-01,9.014988144894431343e-03,6.079116553318000342e+02
3.424152718816020347e+00,1.702297123844590088e+00,1.616633232620692529e-01,2.210207534972046754e-03,6.088921580016899497e+02
3.501282461534271917e+00,1.746470225405784671e+00,1.798488086768266214e-01,1.201528894846223827e-02,6.098726606715799790e+02
3.579603615404050476e+00,1.793088967841334647e+00,1.817957957656683166e-01,2.858774676906502069e-02,6.108531633414700082e+02
3.659141937497037311e+00,1.842310256921988465e+00,1.711782830077081541e-01,3.262147130981625509e-02,6.118336660113600374e+02
3.739920391626745388e+00,1.894303156064253812e+00,1.665174639952675117e-01,2.047110706612691178e-02,6.128141686812499529e+02
3.821958446446596991e+00,1.949249906885521133e+00,1.788716821448997352e-01,5.320104336016704023e-03,6.137946713511399821e+02
3.905271247456934880e+00,2.007347032531484832e+00,2.040756974533889101e-01,3.739622198225233708e-03,6.147751740210300113e+02
3.989868641481282729e+00,2.068806527811310580e+00,2.239075517038244811e-01,2.262677881509110936e-02,6.157556766909200405e+02
4.075754028580483634e+00,2.133857139384332857e+00,2.213050917356288450e-01,4.658244314127286956e-02,6.167361793608099561e+02
4.162923012207526696e+00,2.202745738033049960e+00,2.054922232889368205e-01,5.288734607171002855e-02,6.177166820306999853e+02
4.251361813586101768e+00,2.275738783294654510e+00,1.984233971538404417e-01,4.338847373201036584e-02,6.186971847005900145e+02
4.341045410742783162e+00,2.353123878235245048e+00,2.042739320588739249e-01,3.450100470585570900e-02,6.196776873704800437e+02
4.431935356253298153e+00,2.435211408714878178e+00,2.133349648874837967e-01,3.316903469083073985e-02,6.206581900403699592e+02
4.523977220503143215e+00,2.522336256827108603e+00,2.187928901051336972e-01,3.483658159377886476e-02,6.216386927102599884e+02
4.617097599051008139e+00,2.614859571947117711e+00,2.221688947641922707e-01,3.371262929822394644e-02,6.226191953801500176e+02
4.711200613488071731e+00,2.713170574539672586e+00,2.287588127141694794e-01,2.923412418091420051e-02,6.235996980500400468e+02
4.806163825024445835e+00,2.817688357000299515e+00,2.415095921886700192e-01,2.654313610837081075e-02,6.245802007199299624e+02
4.901833469001569910e+00,2.928863631633645603e+00,2.558081136275399681e-01,3.121758761639417332e-02,6.255607033898199916e+02
4.998018906841927844e+00,3.047180357552751406e+00,2.642918273903909765e-01,3.937727010621271118e-02,6.265412060597100208e+02
5.094486180000908249e+00,3.173157154767428878e+00,2.706179441057343094e-01,4.322255907503273764e-02,6.275217087296000500e+02
5.190950538935128478e+00,3.307348383762623634e+00,2.829215286985276023e-01,4.647061600410010151e-02,6.285022113994899655e+02
5.287067809975646959e+00,3.450344730969503892e+00,2.987796614762047165e-01,5.913343883873857509e-02,6.294827140693799947e+02
5.382424455840873811e+00,3.602773092999822069e+00,3.052099964215986283e-01,8.356740539725912575e-02,6.304632167392700239e+02
5.476526183608049436e+00,3.765295493458859610e+00,2.909340324557455615e-01,1.054149954831146568e-01,6.314437194091600531e+02
5.568784960515592353e+00,3.938606693581148122e+00,2.674435572650689652e-01,1.030433515051262933e-01,6.324242220790499687e+02
5.658504317507370374e+00,4.123430069931561803e+00,2.626872161583659326e-01,8.004149510149927149e-02,6.334047247489399979e+02
5.744862859126785182e+00,4.320511227444442603e+00,2.843740315701521748e-01,6.248175445276070439e-02,6.343852274188300271e+02
5.826895964481555446e+00,4.530608693489642569e+00,3.163894359496972619e-01,6.852033128436707532e-02,6.353657300887200563e+02
5.903475768302982374e+00,4.754480899484683221e+00,3.355713716731403840e-01,9.677165201246154536e-02,6.363462327586099718e+02
5.973289667270386794e+00,4.992868504715691991e+00,3.282952852266178834e-01,1.263314214808071712e-01,6.373267354285000010e+02
6.034817821424089956e+00,5.246470960941918449e+00,3.073708169031734161e-01,1.324293030077648980e-01,6.383072380983900302e+02
6.086310432971085760e+00,5.515916071401537835e+00,3.020489013457152705e-01,1.168739733019730220e-01,6.392877407682799458e+02
6.125766005826926985e+00,5.801721189290278247e+00,3.216849533042263065e-01,1.058028201085594588e-01,6.402682434381699750e+02
6.150912338243379907e+00,6.104244667518591072e+00,3.497761470731847178e-01,1.173810812143123300e-01,6.412487461080600042e+02
6.159192690890986199e+00,6.423626269937091848e+00,3.644145128050521043e-01,1.486808342060811361e-01,6.422292487779500334e+02
6.147760402184854200e+00,6.759715561457560362e+00,3.546856014635874077e-01,1.810940383490249883e-01,6.432097514478399489e+02
6.113486162665470403e+00,7.111987909717141676e+00,3.291498650271913462e-01,1.939086413860667268e-01,6.441902541177299781e+02
6.052983137656418045e+00,7.479448771234048721e+00,3.107122866820761775e-01,1.821092551568955775e-01,6.451707567876200073e+02
5.962656003386475945e+00,7.860528522384153227e+00,3.163572897304853249e-01,1.621869613673272981e-01,6.461512594575100366e+02
5.838780510009661917e+00,8.252972329418904351e+00,3.421679306486067884e-01,1.568073910120368064e-01,6.471317621273999521e+02
5.677620076841360941e+00,8.653732462006633597e+00,3.680777792185880304e-01,1.757234135619853699e-01,6.481122647972899813e+02
5.475584734955382338e+00,9.058873932633336068e+00,3.749648693120060106e-01,2.082550792750861302e-01,6.490927674671800105e+02
5.229434982113928321e+00,9.463508056420934622e+00,3.614921853625926995e-01,2.334391557161164810e-01,6.500732701370700397e+02
4.936528380709274799e+00,9.861771831769662100e+00,3.433459604448616531e-01,2.401744902056205389e-01,6.510537728069599552e+02
4.595099822413910573e+00,1.024687295334822856e+01,3.358118585572149595e-01,2.354815643279188908e-01,6.520342754768499844e+02
4.204557597403559832e+00,1.061121951285478460e+01,3.391649765446491105e-01,2.331604196626357317e-01,6.530147781467400137e+02
3.765767771839487299e+00,1.094664869670517682e+01,3.437131228726268972e-01,2.368438330623034438e-01,6.539952808166300429e+02
3.281290804519198634e+00,1.124475911917986437e+01,3.451489825736588912e-01,2.398874285539496776e-01,6.549757834865199584e+02
2.755529477294062612e+00,1.149733688236121942e+01,3.490562410617478184e-01,2.366743806575574705e-01,6.559562861564099876e+02
2.194748921380290874e+00,1.169684761979928211e+01,3.644668270020454681e-01,2.312562623347302893e-01,6.569367888263000168e+02
1.606939857681300321e+00,1.183694900132468142e+01,3.916886457151301792e-01,2.354641141954111339e-01,6.579172914961900460e+02
1.001515269093546046e+00,1.191296508270438181e+01,4.211530085507810828e-01,2.551544361533873984e-01,6.588977941660799615e+02
3.888559845029666562e-01,1.192226013724287448e+01,4.456680802291014265e-01,2.886347511500085838e-01,6.598782968359699908e+02
-2.202531548991215615e-01,1.186445814154625111e+01,4.589205644892210834e-01,3.361756532806542408e-01,6.608587995058600200e+02
-8.152343140233426766e-01,1.174147458021241697e+01,4.455065802272960562e-01,3.892268867916494068e-01,6.618393021757500492e+02
-1.386303399156147975e+00,1.155735563834969426e+01,4.117250806416930531e-01,4.191460017975920938e-01,6.628198048456399647e+02
-1.924965821335331562e+00,1.131794945472209868e+01,3.852258197151910424e-01,4.288110194921938012e-01,6.638003075155299939e+02
-2.424371992769644102e+00,1.103045778406681876e+01,3.666167645892707272e-01,4.338246553357092417e-01,6.647808101854200231e+02
-2.879508347636803300e+00,1.070292906319628123e+01,3.487257045836059666e-01,4.343029344779964496e-01,6.657613128553100523e+02
-3.287225918731802921e+00,1.034375393658815234e+01,3.324949429922112731e-01,4.181412450498142586e-01,6.667418155251999679e+02
-3.646130032566966328e+00,9.961213779533951040e+00,3.562584842279004071e-01,3.742767077248151386e-01,6.677223181950899971e+02
-3.956367980838312981e+00,9.563115959784457942e+00,4.425385794546516927e-01,4.030297115787443429e-01,6.687028208649800263e+02
-4.219355885399759032e+00,9.156531315704210527e+00,4.521001614279589464e-01,4.865774386845792554e-01,6.696833235348700555e+02
-4.437482955601485202e+00,8.747633451903475077e+00,4.241479544562046788e-01,5.372197469794204316e-01,6.706638262047599710e+02
-4.613823656929174177e+00,8.341628125622706946e+00,3.933091662926649912e-01,5.633495183548008489e-01,6.716443288746500002e+02
-4.751878769078281550e+00,7.942754716406097870e+00,3.701188940842382591e-01,5.726624892676429601e-01,6.726248315445400294e+02
-4.855357095036820780e+00,7.554339854419052536e+00,3.640792727368052928e-01,5.751217059555221445e-01,6.736053342144299450e+02
-4.928002001224944806e+00,7.178884474823669315e+00,3.747888030650211588e-01,5.883870505747896829e-01,6.745858368843199742e+02
-4.973461530280616216e+00,6.818168542564325918e+00,3.859936551328845833e-01,6.227791428534470430e-01,6.755663395542100034e+02
-4.995197471897252939e+00,6.473361358967947510e+00,3.805894113590329031e-01,6.707472254251525268e-01,6.765468422241000326e+02
-4.996427132061489473e+00,6.145128965661029952e+00,3.550794378402502005e-01,7.144826297129698300e-01,6.775273448939899481e+02
-4.980091131514686964e+00,5.833733277225546132e+00,3.234775752599650112e-01,7.425490944817365602e-01,6.785078475638799773e+02
-4.948840940115980302e+00,5.539120029814811552e+00,2.991736101308171136e-01,7.647447549021142432e-01,6.794883502337700065e+02
-4.905040652739073082e+00,5.260994421979503066e+00,2.743474515811079595e-01,7.918322281923144690e-01,6.804688529036600357e+02
-4.850778475795380018e+00,4.998884529237903607e+00,2.412702978560881117e-01,8.166075660642666545e-01,6.814493555735499513e+02
-4.787884356423852239e+00,4.752193313982351341e+00,2.056084748290611941e-01,8.319089605269727183e-01,6.824298582434399805e+02
-4.717951056713808100e+00,4.520240447861879396e+00,1.757594213698381869e-01,8.399737003318432649e-01,6.834103609133300097e+02
-4.642356711898678157e+00,4.302295320569211157e+00,1.540777793721250788e-01,8.500152908762856896e-01,6.843908635832200389e+02
-4.562287505419680755e+00,4.097602611388305505e+00,1.321460614915205001e-01,8.689244529544095652e-01,6.853713662531099544e+02
-4.478759554482866889e+00,3.905401710769762502e+00,9.920130437435389914e-02,8.906769928189550711e-01,6.863518689229999836e+02
-4.392639445250516417e+00,3.724941142737198341e+00,5.746735436454346313e-02,9.014752436643266309e-01,6.873323715928900128e+02
-4.304663107810721812e+00,3.555488984361849347e+00,2.229491587302009914e-02,8.983020836430352096e-01,6.883128742627800420e+02
-4.215452897534346377e+00,3.396340124101071556e+00,3.077255500621559059e-03,8.952256622884294801e-01,6.892933769326699576e+02
-4.125532868954419286e+00,3.246821056889852120e+00,-8.919390746562262662e-03,9.077933723714555203e-01,6.902738796025599868e+02
-4.035342305525681184e+00,3.106292785670805578e+00,-3.288528768179103945e-02,9.364944644350169378e-01,6.912543822724500160e+02
-3.945247615219044768e+00,2.974152288356059604e+00,-8.032160491588953566e-02,9.628464697125144189e-01,6.922348849423400452e+02
-3.855552726908265448e+00,2.849832915830232682e+00,-1.377661271377910446e-01,9.658342330569509304e-01,6.932153876122299607e+02
-3.766508132716868573e+00,2.732804009211986074e+00,-1.789863369222760014e-01,9.510792287688503155e-01,6.941958902821199899e+02
-3.678318721922954282e+00,2.622569961358284463e+00,-2.002933874964911432e-01,9.446858636131135745e-01,6.951763929520100191e+02
-3.591150546280085010e+00,2.518668896528717394e+00,-2.226270384027183025e-01,9.597566316112031704e-01,6.961568956219000484e+02
-3.505136647253650040e+00,2.420671101292037442e+00,-2.657369403813722997e-01,9.846984900312537592e-01,6.971373982917899639e+02
-3.420382064450330439e+00,2.328177307382734096e+00,-3.294320649801368295e-01,9.997440389650172898e-01,6.981179009616799931e+02
-3.336968132613314708e+00,2.240816901749484558e+00,-4.014857058613673368e-01,9.951407498486370962e-01,6.990984036315700223e+02
-3.254956162729722990e+00,2.158246119151108644e+00,-4.666269610904277831e-01,9.729836400309219702e-01,7.000789063014600515e+02
-3.174390591520391602e+00,2.080146257238864926e+00,-5.203599680010670969e-01,9.493978730210197448e-01,7.010594089713499670e+02
-3.095301673121515051e+00,2.006221942198870956e+00,-5.778162286809318537e-01,9.316627605657978872e-01,7.020399116412399962e+02
-3.017707777253069601e+00,1.936199463969408674e+00,-6.492512442576463538e-01,9.055472508909010454e-01,7.030204143111300255e+02
-2.941617349638343093e+00,1.869825193190750579e+00,-7.231835246601494571e-01,8.562980205852518401e-01,7.040009169810200547e+02
-2.867030582874920519e+00,1.806864086908674949e+00,-7.824797458507519732e-01,7.890396909607646503e-01,7.049814196509099702e+02
-2.793940839305882662e+00,1.747098286251375532e+00,-8.253623656179986945e-01,7.178125478776384849e-01,7.059619223207999994e+02
-2.722335861630084786e+00,1.690325806530249109e+00,-8.597405980163428385e-01,6.469165057527980212e-01,7.069424249906900286e+02
-2.652198801940791384e+00,1.636359318237660121e+00,-8.877939568071797627e-01,5.717744029133502437e-01,7.079229276605799441e+02
-2.583509095512193099e+00,1.585025016042589607e+00,-9.033209203051068004e-01,4.921091790322322801e-01,7.089034303304699733e+02
-2.516243201883236580e+00,1.536161571970905637e+00,-9.038470382721333074e-01,4.171306172902181642e-01,7.098839330003600026e+02
-2.450375232543804849e+00,1.489619168386966175e+00,-8.984078330656766198e-01,3.548036117668952327e-01,7.108644356702500318e+02
-2.385877481742358697e+00,1.445258606079712127e+00,-9.007419770482014698e-01,3.010183703034626235e-01,7.118449383401399473e+02
-2.322720874544925707e+00,1.402950482630644480e+00,-9.160733749756321265e-01,2.381869208955280925e-01,7.128254410100299765e+02
-2.260875344229224204e+00,1.362574436251478449e+00,-9.266792641470762426e-01,1.482774426359838027e-01,7.138059436799200057e+02
-2.200310149346503152e+00,1.324018450385381573e+00,-9.020118973881017244e-01,4.384105126172119921e-02,7.147864463498100349e+02
-2.140994139286313214e+00,1.287178214537956666e+00,-8.448020760809982210e-01,-3.933629982962139754e-02,7.157669490196999504e+02
-2.082895975899196728e+00,1.251956537019135229e+00,-7.853502267755222421e-01,-9.341278644287637212e-02,7.167474516895899797e+02
-2.025984317638268806e+00,1.218262805518216751e+00,-7.382008477312147487e-01,-1.373520008964806416e-01,7.177279543594800089e+02
-1.970227971745567963e+00,1.186012491688646309e+00,-6.942773289638777268e-01,-1.879809098146369706e-01,7.187084570293700381e+02
-1.915596019210232370e+00,1.155126696177799950e+00,-6.357193854471918648e-01,-2.426496428663181548e-01,7.196889596992599536e+02
-1.862057916542620539e+00,1.125531730793245977e+00,-5.593182485888859024e-01,-2.831247537598666209e-01,7.206694623691499828e+02
-1.809583577824984246e+00,1.097158734746334519e+00,-4.796558441454645827e-01,-2.995388422965578057e-01,7.216499650390400120e+02
-1.758143440000111468e+00,1.069943322153156018e+00,-4.106825997994466571e-01,-2.976539372720252152e-01,7.226304677089300412e+02
-1.707708513932919558e+00,1.043825258200394845e+00,-3.563158572974614025e-01,-2.893340154877424575e-01,7.236109703788199567e+02
-1.658250423414801666e+00,1.018748161597779589e+00,-3.115331859617105348e-01,-2.838061451911594313e-01,7.245914730487099860e+02
-1.609741433968671309e+00,9.946592311397297603e-01,-2.671764594077077337e-01,-2.833310514503387112e-01,7.255719757186000152e+02
-1.562154473045184844e+00,9.715089943858317145e-01,-2.153510631083574989e-01,-2.821925256453979292e-01,7.265524783884900444e+02
-1.515463142972434341e+00,9.492510766438202463e-01,-1.558554583429109797e-01,-2.684463395342923664e-01,7.275329810583799599e+02
-1.469641727825788280e+00,9.278419885998083760e-01,-1.017192724868191400e-01,-2.337783323553775938e-01,7.285134837282699891e+02
-1.424665195217494684e+00,9.072409310896017987e-01,-6.814175975428121701e-02,-1.867660966334591666e-01,7.294939863981600183e+02
-1.380509193862770267e+00,8.874096156425702597e-01,-5.562060630215530377e-02,-1.428540582268126857e-01,7.304744890680500475e+02
-1.337150047657325480e+00,8.683120995567873424e-01,-5.638984608183121583e-02,-1.100491352019722924e-01,7.314549917379399631e+02
-1.294564746897436613e+00,8.499146343816074145e-01,-6.236012947202231038e-02,-9.089983514311675283e-02,7.324354944078299923e+02
-1.252730937185630999e+00,8.321855267925686306e-01,-6.519743874107090942e-02,-8.392883841990152194e-02,7.334159970777200215e+02
-1.211626906490495870e+00,8.150950109441741365e-01,-5.903520678577305059e-02,-8.221747619321331801e-02,7.343964997476100507e+02
-1.171231570766830821e+00,7.986151314797468315e-01,-4.508623001124181795e-02,-7.670686394521805673e-02,7.353770024174999662e+02
-1.131524458490366314e+00,7.827196364647563964e-01,-3.100824598415570510e-02,-6.295875396655065126e-02,7.363575050873899954e+02
-1.092485694419231379e+00,7.673838795918598299e-01,-2.461306477296809625e-02,-4.478822600607919313e-02,7.373380077572800246e+02
-1.054095982860685510e+00,7.525847310828287506e-01,-2.653828198614414241e-02,-3.095550184774339270e-02,7.383185104271700538e+02
-1.016336590696338860e+00,7.383004967856265921e-01,-2.916443819200267157e-02,-2.631509214840891536e-02,7.392990130970599694e+02
-9.791893304016872079e-01,7.245108450346862128e-01,-2.423733918089120490e-02,-2.625565923050976122e-02,7.402795157669499986e+02
-9.426365432859178384e-01,7.111967409096602299e-01,-1.184858378238052429e-02,-2.062506669843758647e-02,7.412600184368400278e+02
-9.066610831762726974e-01,6.983403875933340554e-01,-1.858260452537286757e-03,-4.157497064207812260e-03,7.422405211067299433e+02
-8.712463007777735413e-01,6.859251745935559530e-01,-4.554693525484380251e-03,1.624324949983129915e-02,7.432210237766199725e+02
-8.363760289550388194e-01,6.739356326576750877e-01,-1.838158659346581653e-02,2.739385365214649232e-02,7.442015264465100017e+02
-8.020345692089856371e-01,6.623573952714806312e-01,-3.102554225683031019e-02,2.467174928113318247e-02,7.451820291164000309e+02
-7.682066796594844149e-01,6.511771666986224671e-01,-3.327051556939071564e-02,1.575696314260911085e-02,7.461625317862899465e+02
-7.348775648972596386e-01,6.403826965811019178e-01,-2.645909621573786299e-02,1.116425287903803285e-02,7.471430344561799757e+02
-7.020328681377208113e-01,6.299627611869024202e-01,-1.937917239941377642e-02,1.493238926265754926e-02,7.481235371260700049e+02
-6.696586661990604483e-01,6.199071514566971697e-01,-1.899655905413993873e-02,2.120958224958762600e-02,7.491040397959600341e+02
-6.377414679421118393e-01,6.102066680673445820e-01,-2.190410972624292144e-02,2.250020350193887228e-02,7.500845424658499496e+02
-6.062682169553612610e-01,6.008531237938445901e-01,-2.152550645098645979e-02,2.079435023691382847e-02,7.510650451357399788e+02
-5.752262994527201911e-01,5.918393535111279302e-01,-1.919176265857236441e-02,2.145741336895155837e-02,7.520455478056300080e+02
-5.446035585831410231e-01,5.831592322283174479e-01,-1.962741137854099802e-02,2.351657298927903317e-02,7.530260504755200373e+02
-5.143883166412210883e-01,5.748077015845686200e-01,-2.250308141421115959e-02,2.210546069135987252e-02,7.540065531454099528e+02
-4.845694070300963219e-01,5.667808052476278613e-01,-2.256300387513143421e-02,1.607115940436579932e-02,7.549870558152999820e+02
-4.551362182791036659e-01,5.590757336295734126e-01,-1.631513847578321477e-02,1.034875450841474948e-02,7.559675584851900112e+02
-4.260787529781735472e-01,5.516908782480126616e-01,-6.962872296123707311e-03,1.092990591422712474e-02,7.569480611550800404e+02
-3.973877051824414863e-01,5.446258958852906451e-01,-2.196163559847943286e-03,1.777781476365288688e-02,7.579285638249699559e+02
-3.690545606893831376e-01,5.378817823899038064e-01,-6.119377291775621522e-03,2.302308637545472797e-02,7.589090664948599851e+02
-3.410717256249258256e-01,5.314609554622649057e-01,-1.266689756216032685e-02,1.806020965209750168e-02,7.598895691647500144e+02
-3.134326900210062661e-01,5.253673449852800381e-01,-9.242093303642399255e-03,4.760684172435740436e-03,7.608700718346400436e+02
-2.861322345455974414e-01,5.196064882790005779e-01,8.897479555825052455e-03,-2.278653096705485909e-03,7.618505745045299591e+02
-2.591666902624236712e-01,5.141856259125615614e-01,2.911533704426384761e-02,9.593601963117957127e-03,7.628310771744199883e+02
-2.325342632258102782e-01,5.091137911706526964e-01,3.213698041311462139e-02,3.500744171091267620e-02,7.638115798443100175e+02
-2.062354377727446675e-01,5.044018826446537984e-01,1.168964352352096572e-02,5.255597245933658901e-02,7.647920825142000467e+02
-1.802734743768388270e-01,5.000627043065910549e-01,-1.536029988552193096e-02,4.382228711912208169e-02,7.657725851840899622e+02
-1.546550195292022423e-01,4.961109503290761502e-01,-2.320331717779509570e-02,1.491087140945282323e-02,7.667530878539799915e+02
-1.293908456971601950e-01,4.925631022373961887e-01,-4.612847320608047703e-03,-9.242978333729312199e-03,7.677335905238700207e+02
-1.044967379619468062e-01,4.894371930584969776e-01,2.419739655980669701e-02,-1.097126194675748963e-02,7.687140931937600499e+02
-7.999453882329365939e-02,4.867523763471186538e-01,4.210328775410115965e-02,6.079281371388815282e-03,7.696945958636499654e+02
-5.591335139327746617e-02,4.845282169809572159e-01,4.151250092186772184e-02,2.457049120112600113e-02,7.706750985335399946e+02
-3.229088015783698751e-02,4.827835958137788874e-01,3.185553576888242033e-02,3.043867709166217517e-02,7.716556012034300238e+02
-9.174852683107914686e-03,4.815350935739937666e-01,2.857883128277649565e-02,2.486485626042272273e-02,7.726361038733200530e+02
1.337559117884223880e-02,4.807946955288644464e-01,3.706633831026648340e-02,2.129664890084584372e-02,7.736166065432099685e+02
3.528874066171283630e-02,4.805666468373170908e-01,4.772869018410176578e-02,2.994012790880308528e-02,7.745971092130999978e+02
5.647970167194404922e-02,4.808433057039909198e-01,4.699501634949225515e-02,4.663424790942126419e-02,7.755776118829900270e+02
7.685079551413576127e-02,4.815999132190666443e-01,3.197920237932638798e-02,5.662432601802166315e-02,7.765581145528800562e+02
9.629359890619682005e-02,4.827883604048353594e-01,1.515379374288085453e-02,4.941910765788423698e-02,7.775386172227699717e+02
1.146933941770833520e-01,4.843303238455501925e-01,1.290224277765651337e-02,3.147425855605814893e-02,7.785191198926600009e+02
1.319368285658550910e-01,4.861105881374319093e-01,2.699102741557171670e-02,2.134237250247486561e-02,7.794996225625500301e+02
1.479233756827493806e-01,4.879719569923222089e-01,4.076451855151819181e-02,2.881925924297359942e-02,7.804801252324399456e+02
1.625805993598392618e-01,4.897137603825878482e-01,3.828948266622150126e-02,4.206607935519971614e-02,7.814606279023299749e+02
1.758821360338047590e-01,4.910963364640104079e-01,2.494064354078765616e-02,4.139974445516653861e-02,7.824411305722200041e+02
1.878658090117371060e-01,4.918536142697461089e-01,2.156013284344535097e-02,2.466191999768065080e-02,7.834216332421100333e+02
1.986477621613085276e-01,4.917146547252042033e-01,3.839072716455847051e-02,1.049220330038916349e-02,7.844021359119999488e+02
2.084277056254899563e-01,4.904326184641732977e-01,6.309090180876528176e-02,1.612736769749602631e-02,7.853826385818899780e+02
2.174811683173949461e-01,4.878166351947911816e-01,7.523789113373476056e-02,3.882337101921815026e-02,7.863631412517800072e+02
2.261374649688923100e-01,4.837596699077225670e-01,6.755254170447870521e-02,6.075121810416353463e-02,7.873436439216700364e+02
2.347462866218701372e-01,4.782551641196800540e-01,5.014177345605880937e-02,6.782744075260943584e-02,7.883241465915599520e+02
2.436397211458873890e-01,4.713977087066242300e-01,3.843386700107241649e-02,6.044071246016916032e-02,7.893046492614499812e+02
2.530981865589150281e-01,4.633675493032529680e-01,4.018122419587111943e-02,5.021670128508536751e-02,7.902851519313400104e+02
2.633273210656685848e-01,4.544033596192441626e-01,5.056328346619987091e-02,4.936674804242124209e-02,7.912656546012300396e+02
2.744490890511070980e-01,4.447704096526200468e-01,5.689462045807330837e-02,6.047480760006091610e-02,7.922461572711199551e+02
2.865061126103265465e-01,4.347311517820776072e-01,5.034012306588802471e-02,7.364496344679120898e-02,7.932266599410099843e+02
2.994752749729401309e-01,4.245229828350677304e-01,3.581572937203736373e-02,7.604454356121054248e-02,7.942071626109000135e+02
3.132856836535755640e-01,4.143449430363765895e-01,2.736825470879847289e-02,6.667861913293267329e-02,7.951876652807900427e+02
3.278367784482116853e-01,4.043526463226611023e-01,3.158439452044778384e-02,5.824627350631739198e-02,7.961681679506799583e+02
3.430138684628132317e-01,3.946593759594893558e-01,3.875435532521483151e-02,6.184287532372764740e-02,7.971486706205699875e+02
3.586999066164109351e-01,3.853409582016101842e-01,3.442761233425972039e-02,7.135748653523722729e-02,7.981291732904600167e+02
3.747834337518893832e-01,3.764423637806280643e-01,2.107057289914962203e-02,7.011029874024994613e-02,7.991096759603500459e+02
3.911632541670222452e-01,3.679845853012099210e-01,1.570774435176134146e-02,5.686228859580415296e-02,8.000901786302399614e+02
4.077506356495557149e-01,3.599709298442171357e-01,2.359984440371079573e-02,4.588247611423836025e-02,8.010706813001299906e+02
4.244698107165101320e-01,3.523923255056869430e-01,3.651830426672229846e-02,4.622538105702686528e-02,8.020511839700200198e+02
4.412574220856968488e-01,3.452315432996582167e-01,4.369179789483911697e-02,5.772668771415691291e-02,8.030316866399100491e+02
4.580613902877286314e-01,3.384664064014962226e-01,3.731182251437753505e-02,7.166461519286755621e-02,8.040121893097999646e+02
4.748395299173302497e-01,3.320721362607669813e-01,2.042465005491853405e-02,7.479211396329182859e-02,8.049926919796899938e+02
4.915581207481962700e-01,3.260230055852160191e-01,7.255338608199468284e-03,6.297149188252607055e-02,8.059731946495800230e+02
5.081905528114725179e-01,3.202934581824414817e-01,7.764570957519587209e-03,4.659222829330909865e-02,8.069536973194700522e+02
5.247161057362319525e-01,3.148588323327304317e-01,1.856989809040318282e-02,3.802132658746602833e-02,8.079341999893599677e+02
5.411188854117696678e-01,3.096957976662870204e-01,2.881046130828012614e-02,4.132623389199667485e-02,8.089147026592499969e+02
5.573869190080804614e-01,3.047825904621045967e-01,2.871424473617350745e-02,5.026658205361585197e-02,8.098952053291400262e+02
5.735113974931675962e-01,3.000991109604599916e-01,1.806788012827651238e-02,5.209664059880232678e-02,8.108757079990300554e+02
5.894860492847957545e-01,2.956269291630615470e-01,9.401227411576722204e-03,3.948119976085905092e-02,8.118562106689199709e+02
6.053066270009188621e-01,2.913492323814828588e-01,1.664744555485587682e-02,2.091209293278123438e-02,8.128367133388100001e+02
6.209704897399839219e-01,2.872507378783862864e-01,3.937044327223006290e-02,1.473490616132022701e-02,8.138172160087000293e+02
6.364762648684250124e-01,2.833175866630843753e-01,5.901215364702822042e-02,3.105999255443742113e-02,8.147977186785899448e+02
6.518235752785486170e-01,2.795372292470327813e-01,5.567597049180741942e-02,5.646649817318347142e-02,8.157782213484799740e+02
6.670128201409388780e-01,2.758983104292570543e-01,3.344933957304226796e-02,6.550687745681375851e-02,8.167587240183700033e+02
6.820449991182808702e-01,2.723905575646417554e-01,1.695210783674900093e-02,5.184256622331781528e-02,8.177392266882600325e+02
6.969215717425645273e-01,2.690046749613961286e-01,2.102925202969378043e-02,3.291612600373965136e-02,8.187197293581499480e+02
7.116443451557472599e-01,2.657322458272525223e-01,3.975029085830403958e-02,2.821387374003497470e-02,8.197002320280399772e+02
7.262153846787171574e-01,2.625656423674283535e-01,5.428984930381686169e-02,4.486906312401300195e-02,8.206807346979300064e+02
7.406369427244050563e-01,2.594979441079946492e-01,4.596312646927963597e-02,7.087727484562839075e-02,8.216612373678200356e+02
7.549114024348324570e-01,2.565228641876809990e-01,1.466185644669575766e-02,8.122942661233881201e-02,8.226417400377099511e+02
7.690412331262215240e-01,2.536346831664157975e-01,-1.682851544213687101e-02,6.212191519665681561e-02,8.236222427075999803e+02
7.830289551974778384e-01,2.508281897957067019e-01,-2.527373753015575014e-02,2.537995657693204593e-02,8.246027453774900096e+02
7.968771126185445475e-01,2.480986281532592264e-01,-7.420976479684107674e-03,-5.352520501658943053e-03,8.255832480473800388e+02
8.105882514863962385e-01,2.454416505404892479e-01,2.173546268023959782e-02,-1.496587911659495382e-02,8.265637507172699543e+02
8.241649034350095882e-01,2.428532755619602634e-01,4.363899398031686333e-02,-5.941710584123202285e-03,8.275442533871599835e+02
8.376095729250923050e-01,2.403298508402458011e-01,5.110343349445949090e-02,7.737909089417585595e-03,8.285247560570500127e+02
8.509247276316811437e-01,2.378680198614955832e-01,5.034008894977735904e-02,1.547818514931890120e-02,8.295052587269400419e+02
8.641127913017663253e-01,2.354646924916815043e-01,5.043371699144189729e-02,1.735209371063555633e-02,8.304857613968299574e+02
8.771761385777927522e-01,2.331170187482339007e-01,5.431342875542346377e-02,1.935982344166661817e-02,8.314662640667199867e+02
8.901170913820717345e-01,2.308223654548454684e-01,5.882339432782324185e-02,2.551245871887957567e-02,8.324467667366100159e+02
9.029379165367927840e-01,2.285782954475805984e-01,5.975887026173209993e-02,3.555571718425711014e-02,8.334272694065000451e+02
9.156408243582649931e-01,2.263825490375985794e-01,5.427222579751096732e-02,4.660162684977872671e-02,8.344077720763899606e+02
9.282279680154674750e-01,2.242330274695657766e-01,4.165585528821740685e-02,5.412261031452049453e-02,8.353882747462799898e+02
9.407014434842846384e-01,2.221277781452389299e-01,2.457978366916510615e-02,5.292024924550417508e-02,8.363687774161700190e+02
9.530632899621505061e-01,2.200649814088591893e-01,1.033944865954913167e-02,4.033235351179371986e-02,8.373492800860600482e+02
9.653154906345982056e-01,2.180429387151480713e-01,7.228195314360042964e-03,2.109065789872557189e-02,8.383297827559499638e+02
9.774599737068001559e-01,2.160600620220747003e-01,1.653748235632019475e-02,5.370292039412093849e-03,8.393102854258399930e+02
9.894986136306660462e-01,2.141148642694286341e-01,3.144470179020414369e-02,-7.966449220891264060e-05,8.402907880957300222e+02
1.001433232472028756e+00,2.122059508208480050e-01,4.399728688648366082e-02,4.108295460128160922e-03,8.412712907656200514e+02
1.013265601373885438e+00,2.103320117615588847e-01,5.013934601655788137e-02,1.358534331189443188e-02,8.422517934355099669e+02
1.024997442080736398e+00,2.084918149569111867e-01,4.855050558467333827e-02,2.408293127920584087e-02,8.432322961053999961e+02
1.036630428496463807e+00,2.066841997880529136e-01,3.956703029474738231e-02,3.036006449256437728e-02,8.442127987752900253e+02
1.048166188254185283e+00,2.049080714909553291e-01,2.830284960427822613e-02,2.769257936043038881e-02,8.451933014451800545e+02
1.059606304281264677e+00,2.031623960336667034e-01,2.224337564499660747e-02,1.747847056033148896e-02,8.461738041150699701e+02
1.070952316346565958e+00,2.014461954742631233e-01,2.463205432930659633e-02,5.959542352565664128e-03,8.471543067849599993e+02
1.082205722580116714e+00,1.997585437486369409e-01,3.361894907103498559e-02,-1.097619595332308823e-03,8.481348094548500285e+02
1.093367980957881791e+00,1.980985628431005952e-01,4.449271092546249612e-02,-7.584644786516846204e-04,8.491153121247399440e+02
1.104440510746308224e+00,1.964654193119337311e-01,5.198793848773320542e-02,5.891839829547045049e-03,8.500958147946299732e+02
1.115424693902922204e+00,1.948583211045074592e-01,5.362391697239989735e-02,1.468281633507564909e-02,8.510763174645200024e+02
1.126321876430532498e+00,1.932765146705910653e-01,5.055878801028387132e-02,2.178980353481215285e-02,8.520568201344100316e+02
1.137133369683584139e+00,1.917192823159395987e-01,4.583946242515080094e-02,2.597675327280807300e-02,8.530373228042999472e+02
1.147860451626021128e+00,1.901859397833402521e-01,4.126626518819746098e-02,2.947266850050284104e-02,8.540178254741899764e+02
1.158504368040608412e+00,1.886758340370076337e-01,3.376286741202345898e-02,3.402382062971351373e-02,8.549983281440800056e+02
1.169066333690179871e+00,1.871883412306077354e-01,2.003224769201585043e-02,3.478193394532422961e-02,8.559788308139700348e+02
1.179547533431607675e+00,1.857228648413145333e-01,4.936427700912263301e-03,2.482661659127120141e-02,8.569593334838599503e+02
1.189949123283589039e+00,1.842788339541625298e-01,-1.330778738642200698e-03,5.380850541301209974e-03,8.579398361537499795e+02
1.200272231449522664e+00,1.828557016826251325e-01,6.104514662018296206e-03,-1.372320728934590256e-02,8.589203388236400087e+02
1.210517959296940393e+00,1.814529437128034051e-01,2.235625944152156916e-02,-2.272370325178271408e-02,8.599008414935300380e+02
1.220687382294975976e+00,1.800700569599213985e-01,3.695888516103698618e-02,-1.941313334412028691e-02,8.608813441634199535e+02
1.230781550911497657e+00,1.787065583269714653e-01,4.212352217526593723e-02,-1.104307438536185869e-02,8.618618468333099827e+02
1.240801491471486884e+00,1.773619835563867431e-01,4.083443479196646742e-02,-7.732532401737463035e-03,8.628423495032000119e+02
1.250748206978306243e+00,1.760358861665241859e-01,4.352470850870009123e-02,-9.314751893348786893e-03,8.638228521730900411e+02
1.260622677899453148e+00,1.747278364655613370e-01,5.128073036445988248e-02,-4.781584606175884843e-03,8.648033548429799566e+02
1.270425862918391324e+00,1.734374206361338766e-01,5.177945064978846379e-02,8.256332395108336580e-03,8.657838575128699858e+02
1.280158699653992205e+00,1.721642398846888189e-01,3.995905265004686541e-02,1.746385235881837972e-02,8.667643601827600151e+02
1.289822105349102799e+00,1.709079096501067707e-01,2.458988969877805991e-02,1.402178480019058981e-02,8.677448628526500443e+02
1.299416977529694428e+00,1.696680588666658052e-01,1.737538585165073271e-02,-2.667171509550137626e-04,8.687253655225399598e+02
1.308944194635983660e+00,1.684443292768829648e-01,2.437009760427119934e-02,-1.406141988539961682e-02,8.697058681924299890e+02
1.318404616626869252e+00,1.672363747901869369e-01,3.849915743253218281e-02,-1.547333888659355346e-02,8.706863708623200182e+02
1.327799085558997394e+00,1.660438608837435104e-01,4.600630806391149685e-02,-5.091156659361465928e-03,8.716668735322100474e+02
1.337128426141647175e+00,1.648664640421000638e-01,4.143332583926526841e-02,5.663099192603130924e-03,8.726473762020999629e+02
1.346393446268665528e+00,1.637038712326052137e-01,3.111157040734247037e-02,7.769420335932772891e-03,8.736278788719899921e+02
1.355594937528510346e+00,1.625557794138445256e-01,2.454445747268716588e-02,1.929843702282019527e-03,8.746083815418800214e+02
1.364733675693520443e+00,1.614218950745644754e-01,2.542335879731123793e-02,-4.180875483574223762e-03,8.755888842117700506e+02
1.373810421189398223e+00,1.603019338007885819e-01,2.886086638012402145e-02,-4.336072485119626604e-03,8.765693868816599661e+02
1.382825919545867865e+00,1.591956198690222535e-01,2.755562252415662619e-02,-6.743127654832304502e-04,8.775498895515499953e+02
1.391780901829434480e+00,1.581026858636266352e-01,2.106515639567526840e-02,-8.910414810831390059e-04,8.785303922214400245e+02
1.400676085059096465e+00,1.570228723166020857e-01,1.726877126003018015e-02,-8.450228004226307404e-03,8.795108948913300537e+02
1.409512172605839275e+00,1.559559273681719593e-01,2.401618272944868598e-02,-1.582101144024787576e-02,8.804913975612199692e+02
1.418289854576688658e+00,1.549016064466892661e-01,3.565366081471734588e-02,-8.683689778593284975e-03,8.814719002311099985e+02
1.427009808184049433e+00,1.538596719665121793e-01,2.983719412988158903e-02,1.126240182377868417e-02,8.824524029010000277e+02
1.435672698101043920e+00,1.528298930426023328e-01,3.102080597438092169e-03,1.552725582385980005e-02,8.834329055708899432e+02
1.444279176803501485e+00,1.518120452207010473e-01,-1.699000956490267361e-02,-4.908626566553893344e-03,8.844134082407799724e+02
1.452829884899216051e+00,1.508059102220327963e-01,-1.608790526492565390e-02,-3.160705842868734294e-02,8.853939109106700016e+02
1.461325451445082191e+00,1.498112757015613028e-01,5.140108209594736535e-04,-4.776068813016656756e-02,8.863744135805600308e+02
1.469766494252659150e+00,1.488279350189077588e-01,1.858362890917187454e-02,-4.649343782721765406e-02,8.873549162504499463e+02
1.478153620182694361e+00,1.478556870211024665e-01,2.346562600317621261e-02,-3.583595682070838534e-02,8.883354189203399756e+02
1.486487425429111386e+00,1.468943358364103446e-01,1.667720751237978388e-02,-3.253395596638689047e-02,8.893159215902300048e+02
1.494768495792938356e+00,1.459436906785230581e-01,1.230837527287152386e-02,-3.980065825108651534e-02,8.902964242601200340e+02
1.502997406946629422e+00,1.450035656604674039e-01,1.632651584635903472e-02,-4.842371272027115592e-02,8.912769269300099495e+02
1.511174724689209548e+00,1.440737796176252972e-01,2.431227306388027143e-02,-5.112549747030985942e-02,8.922574295998999787e+02
1.519301005192632115e+00,1.431541559393072760e-01,2.838877765373330059e-02,-4.850330215151380658e-02,8.932379322697900079e+02
1.527376795239760554e+00,1.422445224083590531e-01,2.611911126746291334e-02,-4.892704579968640277e-02,8.942184349396800371e+02
1.535402632454313299e+00,1.413447110483200819e-01,2.596937803196770062e-02,-5.757613077543879271e-02,8.951989376095699527e+02
1.543379045523135318e+00,1.404545579776876330e-01,3.581525076911139249e-02,-6.756433835041388003e-02,8.961794402794599819e+02
1.551306554411111982e+00,1.395739032708696314e-01,5.291082676478694319e-02,-6.889032491227331523e-02,8.971599429493500111e+02
1.559185670569041449e+00,1.387025908254385653e-01,6.679083522063732070e-02,-5.855504408122980814e-02,8.981404456192400403e+02
1.567016897134765774e+00,1.378404682353285282e-01,7.000533764790284330e-02,-4.564961961401909490e-02,8.991209482891299558e+02
1.574800729127836973e+00,1.369873866696359743e-01,6.951368040961938832e-02,-3.774944585462434304e-02,9.001014509590199850e+02
1.582537653637976494e+00,1.361432007567157931e-01,6.929792302246430558e-02,-2.956274026704049443e-02,9.010819536289100142e+02
1.590228150007597652e+00,1.353077684732754415e-01,6.398522946135547229e-02,-1.989173272156410585e-02,9.020624562988000434e+02
1.597872690008625529e+00,1.344809510381981821e-01,5.080947678683227220e-02,-1.562046422050546168e-02,9.030429589686899590e+02
1.605471738013835470e+00,1.336626128108379941e-01,3.664816935084613120e-02,-2.533548281243334574e-02,9.040234616385799882e+02
1.613025751162935784e+00,1.328526211935493473e-01,3.672955087118053713e-02,-4.616931799888254750e-02,9.050039643084700174e+02
1.620535179523608260e+00,1.320508465382269070e-01,5.552736769221323226e-02,-6.037743974326737623e-02,9.059844669783600466e+02
1.628000466247683686e+00,1.312571620566471420e-01,7.986233929136593579e-02,-5.619169335810030030e-02,9.069649696482499621e+02
1.635422047722673522e+00,1.304714437344152156e-01,9.472729944712697525e-02,-3.671509820461851814e-02,9.079454723181399913e+02
1.642800353718794515e+00,1.296935702483347219e-01,9.244470416789214717e-02,-1.397862291753860023e-02,9.089259749880300205e+02
1.650135807531695420e+00,1.289234228870254073e-01,7.714163407027543884e-02,-2.481889216416737973e-03,9.099064776579200498e+02
1.657428826121026599e+00,1.281608854746290882e-01,6.406273366857748175e-02,-7.289808994361070965e-03,9.108869803278099653e+02
1.664679820245020370e+00,1.274058442974498606e-01,6.537008841999424058e-02,-1.781948185915055091e-02,9.118674829976999945e+02
1.671889194591213545e+00,1.266581880333874643e-01,7.849574022328403844e-02,-1.872500081053783336e-02,9.128479856675900237e+02
1.679057347903475161e+00,1.259178076840264393e-01,8.956308130258422429e-02,-3.408254359807688736e-03,9.138284883374800529e+02
1.686184673105459275e+00,1.251845965092562851e-01,8.424593521154488673e-02,2.044724489440836665e-02,9.148089910073699684e+02
1.693271557420616968e+00,1.244584499643026781e-01,6.080367706899477559e-02,3.563448327323934933e-02,9.157894936772599976e+02
1.700318382488889224e+00,1.237392656390564061e-01,3.173620975615484840e-02,3.162988013505002582e-02,9.167699963471500268e+02
1.707325524480205026e+00,1.230269431995948681e-01,1.087834376220382995e-02,9.699385076250267856e-03,9.177504990170400561e+02
1.714293354204881492e+00,1.223213843317946248e-01,8.945010335586922601e-03,-2.110733412247329382e-02,9.187310016869299716e+02
1.721222237221063267e+00,1.216224926869411277e-01,2.755529441435419780e-02,-4.405245142927263768e-02,9.197115043568200008e+02
1.728112533939262896e+00,1.209301738292464234e-01,5.261112131057545799e-02,-4.718790082750454196e-02,9.206920070267100300e+02
1.734964599724142076e+00,1.202443351851891495e-01,6.771509790945065554e-02,-3.611107006143551845e-02,9.216725096965999455e+02
1.741778784993605722e+00,1.195648859945971920e-01,6.963280521560546998e-02,-2.494805236548343005e-02,9.226530123664899747e+02
1.748555435315296336e+00,1.188917372633982311e-01,6.675452722258805316e-02,-2.227256943571862338e-02,9.236335150363800039e+02
1.755294891500596144e+00,1.182248017179649419e-01,6.944444442010522245e-02,-2.531467109247502803e-02,9.246140177062700332e+02
1.761997489696196073e+00,1.175639937609877506e-01,7.928285236836624117e-02,-2.354804310098716422e-02,9.255945203761599487e+02
1.768663561473334589e+00,1.169092294288100742e-01,8.625028559895632496e-02,-1.155947149503097106e-02,9.265750230460499779e+02
1.775293433914758356e+00,1.162604263501663682e-01,8.138175574116923716e-02,2.587743075766391412e-03,9.275555257159400071e+02
1.781887429699502867e+00,1.156175037062625727e-01,6.831631468056922896e-02,8.009057107731653441e-03,9.285360283858300363e+02
1.788445867185543214e+00,1.149803821921464159e-01,5.699070989315922764e-02,2.018740709130457250e-03,9.295165310557199518e+02
1.794969060490402502e+00,1.143489839793125490e-01,5.586489328900064860e-02,-8.622934751726145375e-03,9.304970337256099810e+02
1.801457319569757853e+00,1.137232326794961751e-01,6.170878854247058981e-02,-1.236137907652712191e-02,9.314775363955000103e+02
1.807910950294134622e+00,1.131030533096041846e-01,6.205745161212867372e-02,-1.002376321619167718e-02,9.324580390653900395e+02
1.814330254523724761e+00,1.124883722577415535e-01,5.644945828201043680e-02,-1.502598553629998397e-02,9.334385417352799550e+02
1.820715530181408415e+00,1.118791172502886372e-01,6.017097905270529790e-02,-2.967282522978426096e-02,9.344190444051699842e+02
1.827067071324009362e+00,1.112752173199898914e-01,7.982903264334964555e-02,-3.792583957962908370e-02,9.353995470750600134e+02
1.833385168211867366e+00,1.106766027750133163e-01,1.032725913742229273e-01,-2.693290617573025278e-02,9.363800497449500426e+02
1.839670107376749630e+00,1.100832051689457081e-01,1.135492149022861025e-01,1.512787804641147794e-03,9.373605524148399581e+02
1.845922171688180402e+00,1.094949572716863440e-01,9.815344292166719442e-02,3.365846137089887474e-02,9.383410550847299874e+02
1.852141640418202062e+00,1.089117930412076413e-01,5.899591279209293049e-02,4.552028541527410044e-02,9.393215577546200166e+02
1.858328789304649842e+00,1.083336475961483719e-01,2.147251890548420791e-02,2.375419168173305631e-02,9.403020604245100458e+02
1.864483890612952166e+00,1.077604571892105262e-01,8.514833000114782613e-03,-1.689654885415818250e-02,9.412825630943999613e+02
1.870607213196534335e+00,1.071921591813291275e-01,2.176307783055237213e-02,-5.633766480752695760e-02,9.422630657642899905e+02
1.876699022555817997e+00,1.066286920165886165e-01,5.625000557553182928e-02,-8.165748868476602196e-02,9.432435684341800197e+02
1.882759580895913221e+00,1.060699951978571060e-01,9.970477997963468619e-02,-7.719903059023736080e-02,9.442240711040700489e+02
1.888789147182992512e+00,1.055160092631147462e-01,1.193978242892759223e-01,-4.580071122814450418e-02,9.452045737739599645e+02
1.894787977199418716e+00,1.049666757624497793e-01,1.103193239330826358e-01,-2.637270019338206969e-02,9.461850764438499937e+02
1.900756323597631692e+00,1.044219372357011871e-01,1.038238781957171730e-01,-2.390306990177717278e-02,9.471655791137400229e+02
1.906694435952860367e+00,1.038817371907233000e-01,9.978983334056602816e-02,-2.177828436365667614e-02,9.481460817836300521e+02
1.912602560814665953e+00,1.033460200822520214e-01,9.361689110467447117e-02,-2.705401363856048055e-02,9.491265844535199676e+02
1.918480941757366054e+00,1.028147312913517547e-01,9.761663843080342629e-02,-3.698045047029280274e-02,9.501070871234099968e+02
1.924329819429360988e+00,1.022878171054236868e-01,1.049431931696822307e-01,-4.142813701943088428e-02,9.510875897933000260e+02
1.930149431601392518e+00,1.017652246987560960e-01,1.146591162475052994e-01,-4.823036296567553144e-02,9.520680924631900552e+02
1.935940013213774957e+00,1.012469021135983110e-01,1.361318179842783138e-01,-4.933416069409576193e-02,9.530485951330799708e+02
1.941701796422611537e+00,1.007327982417415418e-01,1.580919709736486323e-01,-2.925564344865618990e-02,9.540290978029700000e+02
1.947435010645031994e+00,1.002228628065897631e-01,1.563301757808526760e-01,5.032834396264268713e-03,9.550096004728600292e+02
1.953139882603474042e+00,9.971704634570399683e-02,1.276124112677409217e-01,2.480860466335266246e-02,9.559901031427499447e+02
1.958816636369042463e+00,9.921530019380524201e-02,9.487302415340195805e-02,1.544055916404585282e-02,9.569706058126399739e+02
1.964465493403950269e+00,9.871757646622114635e-02,7.906171532442382577e-02,-1.608089323972179338e-02,9.579511084825300031e+02
1.970086672603090783e+00,9.822382804276197366e-02,9.209216904882097654e-02,-5.247956525293336755e-02,9.589316111524200323e+02
1.975680390334745073e+00,9.773400855201232196e-02,1.303358290733145908e-01,-6.963026093303636976e-02,9.599121138223099479e+02
1.981246860480456728e+00,9.724807235602504762e-02,1.699440164243204987e-01,-5.358676813787289356e-02,9.608926164921999771e+02
1.986786294474087278e+00,9.676597453540616844e-02,1.847387746399350439e-01,-1.730780612297524307e-02,9.618731191620900063e+02
1.992298901340082029e+00,9.628767087477642372e-02,1.737242201756334925e-01,1.314683200336568686e-02,9.628536218319800355e+02
1.997784887730958303e+00,9.581311784859981862e-02,1.514226823578760650e-01,2.754463697978570477e-02,9.638341245018699510e+02
2.003244457964047598e+00,9.534227260736612142e-02,1.280028080455215267e-01,2.629762700136657749e-02,9.648146271717599802e+02
2.008677814057489908e+00,9.487509296411832105e-02,1.102014255162241524e-01,1.103655434464623566e-02,9.657951298416500094e+02
2.014085155765521051e+00,9.441153738131280448e-02,1.067035475780566678e-01,-1.516830476180888038e-02,9.667756325115400386e+02
2.019466680613059673e+00,9.395156495800342789e-02,1.254506198577602094e-01,-3.997389124706179214e-02,9.677561351814299542e+02
2.024822583929606790e+00,9.349513541733910083e-02,1.614960023231478137e-01,-4.530443735357414514e-02,9.687366378513199834e+02
2.030153058882488537e+00,9.304220909436601572e-02,1.949864572719840483e-01,-2.052808225115224441e-02,9.697171405212100126e+02
2.035458296509441656e+00,9.259274692412504393e-02,2.001880181342599041e-01,2.295976661883843487e-02,9.706976431911000418e+02
2.040738485750570597e+00,9.214671043003611062e-02,1.740271414406660000e-01,5.378839565540638468e-02,9.716781458609899573e+02
2.045993813479689560e+00,9.170406171256027805e-02,1.408579190941744719e-01,5.497019923521529600e-02,9.726586485308799865e+02
2.051224464535054359e+00,9.126476343813277881e-02,1.255706315973941500e-01,3.524904526530015653e-02,9.736391512007700157e+02
2.056430621749510301e+00,9.082877882835804773e-02,1.371410065044054716e-01,1.875243202960096348e-02,9.746196538706600450e+02
2.061612465980066311e+00,9.039607164945957785e-02,1.601188453536398493e-01,2.952573346467927962e-02,9.756001565405499605e+02
2.066770176136905945e+00,8.996660620197720337e-02,1.617036184294169676e-01,6.512804908957241234e-02,9.765806592104399897e+02
2.071903929211850404e+00,8.954034731070564801e-02,1.322771776637911290e-01,9.462858475602856090e-02,9.775611618803300189e+02
2.077013900306288186e+00,8.911726031486580379e-02,8.883229316167376433e-02,1.026680197075632295e-01,9.785416645502200481e+02
2.082100262658582501e+00,8.869731105850384156e-02,4.110793937450556157e-02,8.735318828812546621e-02,9.795221672201099636e+02
